1,match_childPC1_adultPC1,10,1,0.825226173518915
2,match_childPC1_adultPC1,10,28,0.784676014347569
3,match_childPC1_adultPC1,10,39,0.771561268790759
4,match_childPC1_adultPC1,10,33,0.746259291687491
5,match_childPC1_adultPC1,10,34,0.724761355064168
6,match_childPC1_adultPC1,10,7,0.715012128603889
7,match_childPC1_adultPC1,10,8,0.710222055970941
8,match_childPC1_adultPC1,10,32,0.693048186187809
9,match_childPC1_adultPC1,10,4,0.671548776549294
10,match_childPC1_adultPC1,10,38,0.656074216381871
11,match_childPC2_adultPC2,10,12,0.799713749169737
12,match_childPC2_adultPC2,10,23,0.750425562803594
13,match_childPC2_adultPC2,10,15,0.739375369497173
14,match_childPC2_adultPC2,10,19,0.709316569957065
15,match_childPC2_adultPC2,10,17,0.695739272775724
16,match_childPC2_adultPC2,10,18,0.685334323537223
17,match_childPC2_adultPC2,10,21,0.682393731774898
18,match_childPC2_adultPC2,10,30,0.641198880192489
19,match_childPC2_adultPC2,10,29,0.576110250158722
20,match_childPC2_adultPC2,10,14,0.563312269709612
21,match_childPC3_adultPC3,10,10,0.801237192616526
22,match_childPC3_adultPC3,10,11,0.710277250369062
23,match_childPC3_adultPC3,10,26,0.681332598719964
24,match_childPC3_adultPC3,10,38,0.569361231019201
25,match_childPC3_adultPC3,10,31,0.407095023592392
26,match_childPC3_adultPC3,10,5,0.404560973780199
27,match_childPC3_adultPC3,10,25,0.403020493582223
28,match_childPC3_adultPC3,10,35,0.357320173329593
29,match_childPC3_adultPC3,10,6,0.347289029852894
30,match_childPC3_adultPC3,10,32,0.345759172782756
31,match_fetusPVSPC1_adultPC1,10,1,0.825226173518915
32,match_fetusPVSPC1_adultPC1,10,28,0.784676014347569
33,match_fetusPVSPC1_adultPC1,10,39,0.771561268790759
34,match_fetusPVSPC1_adultPC1,10,33,0.746259291687491
35,match_fetusPVSPC1_adultPC1,10,34,0.724761355064168
36,match_fetusPVSPC1_adultPC1,10,7,0.715012128603889
37,match_fetusPVSPC1_adultPC1,10,8,0.710222055970941
38,match_fetusPVSPC1_adultPC1,10,32,0.693048186187809
39,match_fetusPVSPC1_adultPC1,10,4,0.671548776549294
40,match_fetusPVSPC1_adultPC1,10,38,0.656074216381871
41,match_fetusPVSPC1_childPC1,10,1,0.825226173518915
42,match_fetusPVSPC1_childPC1,10,28,0.784676014347569
43,match_fetusPVSPC1_childPC1,10,39,0.771561268790759
44,match_fetusPVSPC1_childPC1,10,33,0.746259291687491
45,match_fetusPVSPC1_childPC1,10,34,0.724761355064168
46,match_fetusPVSPC1_childPC1,10,7,0.715012128603889
47,match_fetusPVSPC1_childPC1,10,8,0.710222055970941
48,match_fetusPVSPC1_childPC1,10,32,0.693048186187809
49,match_fetusPVSPC1_childPC1,10,4,0.671548776549294
50,match_fetusPVSPC1_childPC1,10,38,0.656074216381871
51,match_fetusPVSPC1_infantPC1,10,1,0.825226173518915
52,match_fetusPVSPC1_infantPC1,10,28,0.784676014347569
53,match_fetusPVSPC1_infantPC1,10,39,0.771561268790759
54,match_fetusPVSPC1_infantPC1,10,33,0.746259291687491
55,match_fetusPVSPC1_infantPC1,10,34,0.724761355064168
56,match_fetusPVSPC1_infantPC1,10,7,0.715012128603889
57,match_fetusPVSPC1_infantPC1,10,8,0.710222055970941
58,match_fetusPVSPC1_infantPC1,10,32,0.693048186187809
59,match_fetusPVSPC1_infantPC1,10,4,0.671548776549294
60,match_fetusPVSPC1_infantPC1,10,38,0.656074216381871
61,match_fetusPVSPC2_adultPC2,10,12,0.799713749169737
62,match_fetusPVSPC2_adultPC2,10,23,0.750425562803594
63,match_fetusPVSPC2_adultPC2,10,15,0.739375369497173
64,match_fetusPVSPC2_adultPC2,10,19,0.709316569957065
65,match_fetusPVSPC2_adultPC2,10,17,0.695739272775724
66,match_fetusPVSPC2_adultPC2,10,18,0.685334323537223
67,match_fetusPVSPC2_adultPC2,10,21,0.682393731774898
68,match_fetusPVSPC2_adultPC2,10,30,0.641198880192489
69,match_fetusPVSPC2_adultPC2,10,29,0.576110250158722
70,match_fetusPVSPC2_adultPC2,10,14,0.563312269709612
71,match_fetusPVSPC2_childPC2,10,12,0.799713749169737
72,match_fetusPVSPC2_childPC2,10,23,0.750425562803594
73,match_fetusPVSPC2_childPC2,10,15,0.739375369497173
74,match_fetusPVSPC2_childPC2,10,19,0.709316569957065
75,match_fetusPVSPC2_childPC2,10,17,0.695739272775724
76,match_fetusPVSPC2_childPC2,10,18,0.685334323537223
77,match_fetusPVSPC2_childPC2,10,21,0.682393731774898
78,match_fetusPVSPC2_childPC2,10,30,0.641198880192489
79,match_fetusPVSPC2_childPC2,10,29,0.576110250158722
80,match_fetusPVSPC2_childPC2,10,14,0.563312269709612
81,match_fetusPVSPC2_infantPC2,10,12,0.799713749169737
82,match_fetusPVSPC2_infantPC2,10,23,0.750425562803594
83,match_fetusPVSPC2_infantPC2,10,15,0.739375369497173
84,match_fetusPVSPC2_infantPC2,10,19,0.709316569957065
85,match_fetusPVSPC2_infantPC2,10,17,0.695739272775724
86,match_fetusPVSPC2_infantPC2,10,18,0.685334323537223
87,match_fetusPVSPC2_infantPC2,10,21,0.682393731774898
88,match_fetusPVSPC2_infantPC2,10,30,0.641198880192489
89,match_fetusPVSPC2_infantPC2,10,29,0.576110250158722
90,match_fetusPVSPC2_infantPC2,10,14,0.563312269709612
91,match_fetusPVSPC3_adultPC3,10,10,0.801237192616526
92,match_fetusPVSPC3_adultPC3,10,11,0.710277250369062
93,match_fetusPVSPC3_adultPC3,10,26,0.681332598719964
94,match_fetusPVSPC3_adultPC3,10,38,0.569361231019201
95,match_fetusPVSPC3_adultPC3,10,31,0.407095023592392
96,match_fetusPVSPC3_adultPC3,10,5,0.404560973780199
97,match_fetusPVSPC3_adultPC3,10,25,0.403020493582223
98,match_fetusPVSPC3_adultPC3,10,35,0.357320173329593
99,match_fetusPVSPC3_adultPC3,10,6,0.347289029852894
100,match_fetusPVSPC3_adultPC3,10,32,0.345759172782756
101,match_fetusPVSPC3_childPC3,10,10,0.801237192616526
102,match_fetusPVSPC3_childPC3,10,11,0.710277250369062
103,match_fetusPVSPC3_childPC3,10,26,0.681332598719964
104,match_fetusPVSPC3_childPC3,10,38,0.569361231019201
105,match_fetusPVSPC3_childPC3,10,31,0.407095023592392
106,match_fetusPVSPC3_childPC3,10,5,0.404560973780199
107,match_fetusPVSPC3_childPC3,10,25,0.403020493582223
108,match_fetusPVSPC3_childPC3,10,35,0.357320173329593
109,match_fetusPVSPC3_childPC3,10,6,0.347289029852894
110,match_fetusPVSPC3_childPC3,10,32,0.345759172782756
111,match_fetusPVSPC3_infantPC3,10,10,0.801237192616526
112,match_fetusPVSPC3_infantPC3,10,11,0.710277250369062
113,match_fetusPVSPC3_infantPC3,10,26,0.681332598719964
114,match_fetusPVSPC3_infantPC3,10,38,0.569361231019201
115,match_fetusPVSPC3_infantPC3,10,31,0.407095023592392
116,match_fetusPVSPC3_infantPC3,10,5,0.404560973780199
117,match_fetusPVSPC3_infantPC3,10,25,0.403020493582223
118,match_fetusPVSPC3_infantPC3,10,35,0.357320173329593
119,match_fetusPVSPC3_infantPC3,10,6,0.347289029852894
120,match_fetusPVSPC3_infantPC3,10,32,0.345759172782756
121,match_fishBluejayPC1_frogMousePC1,10,2,0.849465979540585
122,match_fishBluejayPC1_frogMousePC1,10,9,0.816294667494211
123,match_fishBluejayPC1_frogMousePC1,10,29,0.793020109833765
124,match_fishBluejayPC1_frogMousePC1,10,1,0.750583876840079
125,match_fishBluejayPC1_frogMousePC1,10,31,0.721451669590462
126,match_fishBluejayPC1_frogMousePC1,10,40,0.716287753456687
127,match_fishBluejayPC1_frogMousePC1,10,7,0.703194059362629
128,match_fishBluejayPC1_frogMousePC1,10,39,0.700400419130871
129,match_fishBluejayPC1_frogMousePC1,10,26,0.697238726246478
130,match_fishBluejayPC1_frogMousePC1,10,23,0.69427348088744
131,match_fishBluejayPC2_frogMousePC2,10,38,0.897393887297721
132,match_fishBluejayPC2_frogMousePC2,10,10,0.790657088879438
133,match_fishBluejayPC2_frogMousePC2,10,21,0.782147682416167
134,match_fishBluejayPC2_frogMousePC2,10,8,0.778305767206782
135,match_fishBluejayPC2_frogMousePC2,10,18,0.767996516168129
136,match_fishBluejayPC2_frogMousePC2,10,37,0.721017786645987
137,match_fishBluejayPC2_frogMousePC2,10,39,0.658769859804393
138,match_fishBluejayPC2_frogMousePC2,10,27,0.643214653938293
139,match_fishBluejayPC2_frogMousePC2,10,5,0.613686052751941
140,match_fishBluejayPC2_frogMousePC2,10,11,0.595306958059788
141,match_fishBluejayPC3_frogMousePC3,10,13,0.859106706110639
142,match_fishBluejayPC3_frogMousePC3,10,15,0.71849466656548
143,match_fishBluejayPC3_frogMousePC3,10,34,0.676395543128863
144,match_fishBluejayPC3_frogMousePC3,10,27,0.659560347055448
145,match_fishBluejayPC3_frogMousePC3,10,30,0.631029887778338
146,match_fishBluejayPC3_frogMousePC3,10,32,0.61537982782365
147,match_fishBluejayPC3_frogMousePC3,10,3,0.60459923164088
148,match_fishBluejayPC3_frogMousePC3,10,28,0.592134884030503
149,match_fishBluejayPC3_frogMousePC3,10,14,0.581892949891547
150,match_fishBluejayPC3_frogMousePC3,10,31,0.572903436500167
151,match_infantPC1_adultPC1,10,1,0.825226173518915
152,match_infantPC1_adultPC1,10,28,0.784676014347569
153,match_infantPC1_adultPC1,10,39,0.771561268790759
154,match_infantPC1_adultPC1,10,33,0.746259291687491
155,match_infantPC1_adultPC1,10,34,0.724761355064168
156,match_infantPC1_adultPC1,10,7,0.715012128603889
157,match_infantPC1_adultPC1,10,8,0.710222055970941
158,match_infantPC1_adultPC1,10,32,0.693048186187809
159,match_infantPC1_adultPC1,10,4,0.671548776549294
160,match_infantPC1_adultPC1,10,38,0.656074216381871
161,match_infantPC1_childPC1,10,1,0.825226173518915
162,match_infantPC1_childPC1,10,28,0.784676014347569
163,match_infantPC1_childPC1,10,39,0.771561268790759
164,match_infantPC1_childPC1,10,33,0.746259291687491
165,match_infantPC1_childPC1,10,34,0.724761355064168
166,match_infantPC1_childPC1,10,7,0.715012128603889
167,match_infantPC1_childPC1,10,8,0.710222055970941
168,match_infantPC1_childPC1,10,32,0.693048186187809
169,match_infantPC1_childPC1,10,4,0.671548776549294
170,match_infantPC1_childPC1,10,38,0.656074216381871
171,match_infantPC2_adultPC2,10,12,0.799713749169737
172,match_infantPC2_adultPC2,10,23,0.750425562803594
173,match_infantPC2_adultPC2,10,15,0.739375369497173
174,match_infantPC2_adultPC2,10,19,0.709316569957065
175,match_infantPC2_adultPC2,10,17,0.695739272775724
176,match_infantPC2_adultPC2,10,18,0.685334323537223
177,match_infantPC2_adultPC2,10,21,0.682393731774898
178,match_infantPC2_adultPC2,10,30,0.641198880192489
179,match_infantPC2_adultPC2,10,29,0.576110250158722
180,match_infantPC2_adultPC2,10,14,0.563312269709612
181,match_infantPC2_childPC2,10,12,0.799713749169737
182,match_infantPC2_childPC2,10,23,0.750425562803594
183,match_infantPC2_childPC2,10,15,0.739375369497173
184,match_infantPC2_childPC2,10,19,0.709316569957065
185,match_infantPC2_childPC2,10,17,0.695739272775724
186,match_infantPC2_childPC2,10,18,0.685334323537223
187,match_infantPC2_childPC2,10,21,0.682393731774898
188,match_infantPC2_childPC2,10,30,0.641198880192489
189,match_infantPC2_childPC2,10,29,0.576110250158722
190,match_infantPC2_childPC2,10,14,0.563312269709612
191,match_infantPC3_adultPC3,10,10,0.801237192616526
192,match_infantPC3_adultPC3,10,11,0.710277250369062
193,match_infantPC3_adultPC3,10,26,0.681332598719964
194,match_infantPC3_adultPC3,10,38,0.569361231019201
195,match_infantPC3_adultPC3,10,31,0.407095023592392
196,match_infantPC3_adultPC3,10,5,0.404560973780199
197,match_infantPC3_adultPC3,10,25,0.403020493582223
198,match_infantPC3_adultPC3,10,35,0.357320173329593
199,match_infantPC3_adultPC3,10,6,0.347289029852894
200,match_infantPC3_adultPC3,10,32,0.345759172782756
201,match_infantPC3_childPC3,10,10,0.801237192616526
202,match_infantPC3_childPC3,10,11,0.710277250369062
203,match_infantPC3_childPC3,10,26,0.681332598719964
204,match_infantPC3_childPC3,10,38,0.569361231019201
205,match_infantPC3_childPC3,10,31,0.407095023592392
206,match_infantPC3_childPC3,10,5,0.404560973780199
207,match_infantPC3_childPC3,10,25,0.403020493582223
208,match_infantPC3_childPC3,10,35,0.357320173329593
209,match_infantPC3_childPC3,10,6,0.347289029852894
210,match_infantPC3_childPC3,10,32,0.345759172782756
211,match_goatDogPC3_adultPC2,6,15,0.657177554028842
212,match_goatDogPC3_adultPC2,6,14,0.62858972145073
213,match_goatDogPC3_adultPC2,6,17,0.60455839022692
214,match_goatDogPC3_adultPC2,6,19,0.559230828157522
215,match_goatDogPC3_adultPC2,6,21,0.541323384750767
216,match_goatDogPC3_adultPC2,6,18,0.507893959168255
217,match_goatDogPC3_bearDolphinPC3,6,38,0.708633906361817
218,match_goatDogPC3_bearDolphinPC3,6,15,0.657177554028842
219,match_goatDogPC3_bearDolphinPC3,6,14,0.62858972145073
220,match_goatDogPC3_bearDolphinPC3,6,20,0.623186824849814
221,match_goatDogPC3_bearDolphinPC3,6,19,0.559230828157522
222,match_goatDogPC3_bearDolphinPC3,6,10,0.479109000359685
223,match_goatDogPC3_childPC2,6,15,0.657177554028842
224,match_goatDogPC3_childPC2,6,14,0.62858972145073
225,match_goatDogPC3_childPC2,6,17,0.60455839022692
226,match_goatDogPC3_childPC2,6,19,0.559230828157522
227,match_goatDogPC3_childPC2,6,21,0.541323384750767
228,match_goatDogPC3_childPC2,6,18,0.507893959168255
229,match_goatDogPC3_fetusPVSPC2,6,15,0.657177554028842
230,match_goatDogPC3_fetusPVSPC2,6,14,0.62858972145073
231,match_goatDogPC3_fetusPVSPC2,6,17,0.60455839022692
232,match_goatDogPC3_fetusPVSPC2,6,19,0.559230828157522
233,match_goatDogPC3_fetusPVSPC2,6,21,0.541323384750767
234,match_goatDogPC3_fetusPVSPC2,6,18,0.507893959168255
235,match_goatDogPC3_infantPC2,6,15,0.657177554028842
236,match_goatDogPC3_infantPC2,6,14,0.62858972145073
237,match_goatDogPC3_infantPC2,6,17,0.60455839022692
238,match_goatDogPC3_infantPC2,6,19,0.559230828157522
239,match_goatDogPC3_infantPC2,6,21,0.541323384750767
240,match_goatDogPC3_infantPC2,6,18,0.507893959168255
241,match_bearDolphinPC2_elephantChimpPC2,5,29,0.925396207797869
242,match_bearDolphinPC2_elephantChimpPC2,5,23,0.888971155694086
243,match_bearDolphinPC2_elephantChimpPC2,5,36,0.815161628106247
244,match_bearDolphinPC2_elephantChimpPC2,5,3,0.701933115591554
245,match_bearDolphinPC2_elephantChimpPC2,5,13,0.505190246007897
246,match_computerRobotPC1_microbeBeetlePC1,5,16,0.796959851164891
247,match_computerRobotPC1_microbeBeetlePC1,5,32,0.744286981593788
248,match_computerRobotPC1_microbeBeetlePC1,5,11,0.715694066356424
249,match_computerRobotPC1_microbeBeetlePC1,5,36,0.712920011457107
250,match_computerRobotPC1_microbeBeetlePC1,5,15,0.647327799636863
251,match_computerRobotPC2_bearDolphinPC2,5,23,0.702761050070001
252,match_computerRobotPC2_bearDolphinPC2,5,2,0.701868227521879
253,match_computerRobotPC2_bearDolphinPC2,5,8,0.700594371447716
254,match_computerRobotPC2_bearDolphinPC2,5,13,0.599174589485592
255,match_computerRobotPC2_bearDolphinPC2,5,37,0.593726389562069
256,match_computerRobotPC2_goatDogPC2,5,5,0.789390856233699
257,match_computerRobotPC2_goatDogPC2,5,8,0.700594371447716
258,match_computerRobotPC2_goatDogPC2,5,7,0.627416263062843
259,match_computerRobotPC2_goatDogPC2,5,13,0.599174589485592
260,match_computerRobotPC2_goatDogPC2,5,37,0.593726389562069
261,match_fishBluejayPC1_elephantChimpPC3,5,2,0.849465979540585
262,match_fishBluejayPC1_elephantChimpPC3,5,9,0.816294667494211
263,match_fishBluejayPC1_elephantChimpPC3,5,31,0.721451669590462
264,match_fishBluejayPC1_elephantChimpPC3,5,40,0.716287753456687
265,match_fishBluejayPC1_elephantChimpPC3,5,39,0.700400419130871
266,match_fishBluejayPC2_goatDogPC3,5,38,0.897393887297721
267,match_fishBluejayPC2_goatDogPC3,5,10,0.790657088879438
268,match_fishBluejayPC2_goatDogPC3,5,21,0.782147682416167
269,match_fishBluejayPC2_goatDogPC3,5,18,0.767996516168129
270,match_fishBluejayPC2_goatDogPC3,5,39,0.658769859804393
271,match_fishBluejayPC3_goatDogPC1,5,27,0.659560347055448
272,match_fishBluejayPC3_goatDogPC1,5,30,0.631029887778338
273,match_fishBluejayPC3_goatDogPC1,5,32,0.61537982782365
274,match_fishBluejayPC3_goatDogPC1,5,28,0.592134884030503
275,match_fishBluejayPC3_goatDogPC1,5,31,0.572903436500167
276,match_frogMousePC1_elephantChimpPC3,5,2,0.849465979540585
277,match_frogMousePC1_elephantChimpPC3,5,9,0.816294667494211
278,match_frogMousePC1_elephantChimpPC3,5,31,0.721451669590462
279,match_frogMousePC1_elephantChimpPC3,5,40,0.716287753456687
280,match_frogMousePC1_elephantChimpPC3,5,39,0.700400419130871
281,match_frogMousePC2_goatDogPC3,5,38,0.897393887297721
282,match_frogMousePC2_goatDogPC3,5,10,0.790657088879438
283,match_frogMousePC2_goatDogPC3,5,21,0.782147682416167
284,match_frogMousePC2_goatDogPC3,5,18,0.767996516168129
285,match_frogMousePC2_goatDogPC3,5,39,0.658769859804393
286,match_frogMousePC3_goatDogPC1,5,27,0.659560347055448
287,match_frogMousePC3_goatDogPC1,5,30,0.631029887778338
288,match_frogMousePC3_goatDogPC1,5,32,0.61537982782365
289,match_frogMousePC3_goatDogPC1,5,28,0.592134884030503
290,match_frogMousePC3_goatDogPC1,5,31,0.572903436500167
291,match_goatDogPC1_elephantChimpPC1,5,6,0.87872542484158
292,match_goatDogPC1_elephantChimpPC1,5,28,0.871767128149166
293,match_goatDogPC1_elephantChimpPC1,5,30,0.858949379220858
294,match_goatDogPC1_elephantChimpPC1,5,33,0.833480885124939
295,match_goatDogPC1_elephantChimpPC1,5,12,0.830836508303003
296,match_microbeBeetlePC2_elephantChimpPC3,5,2,0.840687368172818
297,match_microbeBeetlePC2_elephantChimpPC3,5,14,0.800256628686646
298,match_microbeBeetlePC2_elephantChimpPC3,5,31,0.716346067311217
299,match_microbeBeetlePC2_elephantChimpPC3,5,39,0.617045651485648
300,match_microbeBeetlePC2_elephantChimpPC3,5,8,0.615880912232987
301,match_microbeBeetlePC2_fishBluejayPC1,5,2,0.840687368172818
302,match_microbeBeetlePC2_fishBluejayPC1,5,7,0.796326927561618
303,match_microbeBeetlePC2_fishBluejayPC1,5,31,0.716346067311217
304,match_microbeBeetlePC2_fishBluejayPC1,5,1,0.691318442540439
305,match_microbeBeetlePC2_fishBluejayPC1,5,39,0.617045651485648
306,match_microbeBeetlePC2_frogMousePC1,5,2,0.840687368172818
307,match_microbeBeetlePC2_frogMousePC1,5,7,0.796326927561618
308,match_microbeBeetlePC2_frogMousePC1,5,31,0.716346067311217
309,match_microbeBeetlePC2_frogMousePC1,5,1,0.691318442540439
310,match_microbeBeetlePC2_frogMousePC1,5,39,0.617045651485648
311,match_microbeBeetlePC3_elephantChimpPC3,5,38,0.700419265338927
312,match_microbeBeetlePC3_elephantChimpPC3,5,4,0.667136184413961
313,match_microbeBeetlePC3_elephantChimpPC3,5,40,0.511312914160228
314,match_microbeBeetlePC3_elephantChimpPC3,5,39,0.450846081958877
315,match_microbeBeetlePC3_elephantChimpPC3,5,9,0.441082769186757
316,match_staplerCarPC1_computerRobotPC2,5,4,0.867534082484792
317,match_staplerCarPC1_computerRobotPC2,5,5,0.859758275793344
318,match_staplerCarPC1_computerRobotPC2,5,2,0.834334638750698
319,match_staplerCarPC1_computerRobotPC2,5,7,0.832963113136399
320,match_staplerCarPC1_computerRobotPC2,5,8,0.816342983259351
321,match_staplerCarPC1_microbeBeetlePC2,5,2,0.834334638750698
322,match_staplerCarPC1_microbeBeetlePC2,5,7,0.832963113136399
323,match_staplerCarPC1_microbeBeetlePC2,5,6,0.831108087025276
324,match_staplerCarPC1_microbeBeetlePC2,5,8,0.816342983259351
325,match_staplerCarPC1_microbeBeetlePC2,5,10,0.800946841178407
326,match_staplerCarPC2_microbeBeetlePC1,5,29,0.790680220278854
327,match_staplerCarPC2_microbeBeetlePC1,5,25,0.718693106780673
328,match_staplerCarPC2_microbeBeetlePC1,5,36,0.665980180726728
329,match_staplerCarPC2_microbeBeetlePC1,5,16,0.590652333527011
330,match_staplerCarPC2_microbeBeetlePC1,5,27,0.560296027891121
331,match_staplerCarPC3_computerRobotPC1,5,31,0.608423120960326
332,match_staplerCarPC3_computerRobotPC1,5,15,0.567053869620128
333,match_staplerCarPC3_computerRobotPC1,5,16,0.545650377981477
334,match_staplerCarPC3_computerRobotPC1,5,12,0.409780042608352
335,match_staplerCarPC3_computerRobotPC1,5,22,0.407026255062831
336,match_staplerCarPC3_goatDogPC3,5,14,0.73564705834339
337,match_staplerCarPC3_goatDogPC3,5,18,0.706548762965254
338,match_staplerCarPC3_goatDogPC3,5,15,0.567053869620128
339,match_staplerCarPC3_goatDogPC3,5,39,0.457132916928265
340,match_staplerCarPC3_goatDogPC3,5,38,0.405236750442941
341,match_bearDolphinPC1_adultPC1,4,1,0.912153876358097
342,match_bearDolphinPC1_adultPC1,4,7,0.902998371896881
343,match_bearDolphinPC1_adultPC1,4,33,0.873648133175434
344,match_bearDolphinPC1_adultPC1,4,32,0.855623856023876
345,match_bearDolphinPC1_adultPC3,4,5,0.908490582581871
346,match_bearDolphinPC1_adultPC3,4,35,0.903764516808467
347,match_bearDolphinPC1_adultPC3,4,26,0.88886084013125
348,match_bearDolphinPC1_adultPC3,4,32,0.855623856023876
349,match_bearDolphinPC1_childPC1,4,1,0.912153876358097
350,match_bearDolphinPC1_childPC1,4,7,0.902998371896881
351,match_bearDolphinPC1_childPC1,4,33,0.873648133175434
352,match_bearDolphinPC1_childPC1,4,32,0.855623856023876
353,match_bearDolphinPC1_childPC3,4,5,0.908490582581871
354,match_bearDolphinPC1_childPC3,4,35,0.903764516808467
355,match_bearDolphinPC1_childPC3,4,26,0.88886084013125
356,match_bearDolphinPC1_childPC3,4,32,0.855623856023876
357,match_bearDolphinPC1_elephantChimpPC1,4,1,0.912153876358097
358,match_bearDolphinPC1_elephantChimpPC1,4,5,0.908490582581871
359,match_bearDolphinPC1_elephantChimpPC1,4,35,0.903764516808467
360,match_bearDolphinPC1_elephantChimpPC1,4,33,0.873648133175434
361,match_bearDolphinPC1_fetusPVSPC1,4,1,0.912153876358097
362,match_bearDolphinPC1_fetusPVSPC1,4,7,0.902998371896881
363,match_bearDolphinPC1_fetusPVSPC1,4,33,0.873648133175434
364,match_bearDolphinPC1_fetusPVSPC1,4,32,0.855623856023876
365,match_bearDolphinPC1_fetusPVSPC3,4,5,0.908490582581871
366,match_bearDolphinPC1_fetusPVSPC3,4,35,0.903764516808467
367,match_bearDolphinPC1_fetusPVSPC3,4,26,0.88886084013125
368,match_bearDolphinPC1_fetusPVSPC3,4,32,0.855623856023876
369,match_bearDolphinPC1_infantPC1,4,1,0.912153876358097
370,match_bearDolphinPC1_infantPC1,4,7,0.902998371896881
371,match_bearDolphinPC1_infantPC1,4,33,0.873648133175434
372,match_bearDolphinPC1_infantPC1,4,32,0.855623856023876
373,match_bearDolphinPC1_infantPC3,4,5,0.908490582581871
374,match_bearDolphinPC1_infantPC3,4,35,0.903764516808467
375,match_bearDolphinPC1_infantPC3,4,26,0.88886084013125
376,match_bearDolphinPC1_infantPC3,4,32,0.855623856023876
377,match_bearDolphinPC3_elephantChimpPC3,4,38,0.872220838453388
378,match_bearDolphinPC3_elephantChimpPC3,4,9,0.546313577709201
379,match_bearDolphinPC3_elephantChimpPC3,4,40,0.399968629411706
380,match_bearDolphinPC3_elephantChimpPC3,4,14,0.372740293101346
381,match_computerRobotPC1_elephantChimpPC1,4,12,0.83142709824386
382,match_computerRobotPC1_elephantChimpPC1,4,16,0.796959851164891
383,match_computerRobotPC1_elephantChimpPC1,4,28,0.731228831678554
384,match_computerRobotPC1_elephantChimpPC1,4,11,0.715694066356424
385,match_computerRobotPC1_fishBluejayPC3,4,31,0.778825411194218
386,match_computerRobotPC1_fishBluejayPC3,4,32,0.744286981593788
387,match_computerRobotPC1_fishBluejayPC3,4,28,0.731228831678554
388,match_computerRobotPC1_fishBluejayPC3,4,15,0.647327799636863
389,match_computerRobotPC1_frogMousePC3,4,31,0.778825411194218
390,match_computerRobotPC1_frogMousePC3,4,32,0.744286981593788
391,match_computerRobotPC1_frogMousePC3,4,28,0.731228831678554
392,match_computerRobotPC1_frogMousePC3,4,15,0.647327799636863
393,match_computerRobotPC1_goatDogPC1,4,12,0.83142709824386
394,match_computerRobotPC1_goatDogPC1,4,31,0.778825411194218
395,match_computerRobotPC1_goatDogPC1,4,32,0.744286981593788
396,match_computerRobotPC1_goatDogPC1,4,28,0.731228831678554
397,match_computerRobotPC2_elephantChimpPC3,4,4,0.773772656745753
398,match_computerRobotPC2_elephantChimpPC3,4,2,0.701868227521879
399,match_computerRobotPC2_elephantChimpPC3,4,8,0.700594371447716
400,match_computerRobotPC2_elephantChimpPC3,4,14,0.646424870661588
401,match_computerRobotPC2_fishBluejayPC2,4,5,0.789390856233699
402,match_computerRobotPC2_fishBluejayPC2,4,18,0.745800638670773
403,match_computerRobotPC2_fishBluejayPC2,4,8,0.700594371447716
404,match_computerRobotPC2_fishBluejayPC2,4,37,0.593726389562069
405,match_computerRobotPC2_frogMousePC2,4,5,0.789390856233699
406,match_computerRobotPC2_frogMousePC2,4,18,0.745800638670773
407,match_computerRobotPC2_frogMousePC2,4,8,0.700594371447716
408,match_computerRobotPC2_frogMousePC2,4,37,0.593726389562069
409,match_computerRobotPC2_microbeBeetlePC2,4,2,0.701868227521879
410,match_computerRobotPC2_microbeBeetlePC2,4,8,0.700594371447716
411,match_computerRobotPC2_microbeBeetlePC2,4,14,0.646424870661588
412,match_computerRobotPC2_microbeBeetlePC2,4,7,0.627416263062843
413,match_computerRobotPC3_adultPC2,4,30,0.684756689634891
414,match_computerRobotPC3_adultPC2,4,29,0.621541340655558
415,match_computerRobotPC3_adultPC2,4,21,0.62058734402807
416,match_computerRobotPC3_adultPC2,4,19,0.543564828459136
417,match_computerRobotPC3_childPC2,4,30,0.684756689634891
418,match_computerRobotPC3_childPC2,4,29,0.621541340655558
419,match_computerRobotPC3_childPC2,4,21,0.62058734402807
420,match_computerRobotPC3_childPC2,4,19,0.543564828459136
421,match_computerRobotPC3_elephantChimpPC2,4,29,0.621541340655558
422,match_computerRobotPC3_elephantChimpPC2,4,19,0.543564828459136
423,match_computerRobotPC3_elephantChimpPC2,4,7,0.523864151931829
424,match_computerRobotPC3_elephantChimpPC2,4,13,0.470067598949699
425,match_computerRobotPC3_fetusPVSPC2,4,30,0.684756689634891
426,match_computerRobotPC3_fetusPVSPC2,4,29,0.621541340655558
427,match_computerRobotPC3_fetusPVSPC2,4,21,0.62058734402807
428,match_computerRobotPC3_fetusPVSPC2,4,19,0.543564828459136
429,match_computerRobotPC3_goatDogPC3,4,38,0.72678147714581
430,match_computerRobotPC3_goatDogPC3,4,21,0.62058734402807
431,match_computerRobotPC3_goatDogPC3,4,19,0.543564828459136
432,match_computerRobotPC3_goatDogPC3,4,39,0.519253732298365
433,match_computerRobotPC3_infantPC2,4,30,0.684756689634891
434,match_computerRobotPC3_infantPC2,4,29,0.621541340655558
435,match_computerRobotPC3_infantPC2,4,21,0.62058734402807
436,match_computerRobotPC3_infantPC2,4,19,0.543564828459136
437,match_elephantChimpPC1_adultPC3,4,6,0.806631682338818
438,match_elephantChimpPC1_adultPC3,4,11,0.803980564535099
439,match_elephantChimpPC1_adultPC3,4,5,0.800455417596533
440,match_elephantChimpPC1_adultPC3,4,35,0.791729324224533
441,match_elephantChimpPC1_childPC3,4,6,0.806631682338818
442,match_elephantChimpPC1_childPC3,4,11,0.803980564535099
443,match_elephantChimpPC1_childPC3,4,5,0.800455417596533
444,match_elephantChimpPC1_childPC3,4,35,0.791729324224533
445,match_elephantChimpPC1_fetusPVSPC3,4,6,0.806631682338818
446,match_elephantChimpPC1_fetusPVSPC3,4,11,0.803980564535099
447,match_elephantChimpPC1_fetusPVSPC3,4,5,0.800455417596533
448,match_elephantChimpPC1_fetusPVSPC3,4,35,0.791729324224533
449,match_elephantChimpPC1_infantPC3,4,6,0.806631682338818
450,match_elephantChimpPC1_infantPC3,4,11,0.803980564535099
451,match_elephantChimpPC1_infantPC3,4,5,0.800455417596533
452,match_elephantChimpPC1_infantPC3,4,35,0.791729324224533
453,match_elephantChimpPC3_adultPC1,4,38,0.785155018909437
454,match_elephantChimpPC3_adultPC1,4,4,0.682596201455859
455,match_elephantChimpPC3_adultPC1,4,8,0.530468437507179
456,match_elephantChimpPC3_adultPC1,4,39,0.4749201576742
457,match_elephantChimpPC3_childPC1,4,38,0.785155018909437
458,match_elephantChimpPC3_childPC1,4,4,0.682596201455859
459,match_elephantChimpPC3_childPC1,4,8,0.530468437507179
460,match_elephantChimpPC3_childPC1,4,39,0.4749201576742
461,match_elephantChimpPC3_fetusPVSPC1,4,38,0.785155018909437
462,match_elephantChimpPC3_fetusPVSPC1,4,4,0.682596201455859
463,match_elephantChimpPC3_fetusPVSPC1,4,8,0.530468437507179
464,match_elephantChimpPC3_fetusPVSPC1,4,39,0.4749201576742
465,match_elephantChimpPC3_infantPC1,4,38,0.785155018909437
466,match_elephantChimpPC3_infantPC1,4,4,0.682596201455859
467,match_elephantChimpPC3_infantPC1,4,8,0.530468437507179
468,match_elephantChimpPC3_infantPC1,4,39,0.4749201576742
469,match_fishBluejayPC1_elephantChimpPC2,4,29,0.793020109833765
470,match_fishBluejayPC1_elephantChimpPC2,4,31,0.721451669590462
471,match_fishBluejayPC1_elephantChimpPC2,4,7,0.703194059362629
472,match_fishBluejayPC1_elephantChimpPC2,4,23,0.69427348088744
473,match_fishBluejayPC2_adultPC3,4,38,0.897393887297721
474,match_fishBluejayPC2_adultPC3,4,10,0.790657088879438
475,match_fishBluejayPC2_adultPC3,4,5,0.613686052751941
476,match_fishBluejayPC2_adultPC3,4,11,0.595306958059788
477,match_fishBluejayPC2_bearDolphinPC2,4,10,0.790657088879438
478,match_fishBluejayPC2_bearDolphinPC2,4,8,0.778305767206782
479,match_fishBluejayPC2_bearDolphinPC2,4,37,0.721017786645987
480,match_fishBluejayPC2_bearDolphinPC2,4,27,0.643214653938293
481,match_fishBluejayPC2_childPC3,4,38,0.897393887297721
482,match_fishBluejayPC2_childPC3,4,10,0.790657088879438
483,match_fishBluejayPC2_childPC3,4,5,0.613686052751941
484,match_fishBluejayPC2_childPC3,4,11,0.595306958059788
485,match_fishBluejayPC2_elephantChimpPC3,4,38,0.897393887297721
486,match_fishBluejayPC2_elephantChimpPC3,4,8,0.778305767206782
487,match_fishBluejayPC2_elephantChimpPC3,4,39,0.658769859804393
488,match_fishBluejayPC2_elephantChimpPC3,4,27,0.643214653938293
489,match_fishBluejayPC2_fetusPVSPC3,4,38,0.897393887297721
490,match_fishBluejayPC2_fetusPVSPC3,4,10,0.790657088879438
491,match_fishBluejayPC2_fetusPVSPC3,4,5,0.613686052751941
492,match_fishBluejayPC2_fetusPVSPC3,4,11,0.595306958059788
493,match_fishBluejayPC2_goatDogPC2,4,8,0.778305767206782
494,match_fishBluejayPC2_goatDogPC2,4,37,0.721017786645987
495,match_fishBluejayPC2_goatDogPC2,4,5,0.613686052751941
496,match_fishBluejayPC2_goatDogPC2,4,11,0.595306958059788
497,match_fishBluejayPC2_infantPC3,4,38,0.897393887297721
498,match_fishBluejayPC2_infantPC3,4,10,0.790657088879438
499,match_fishBluejayPC2_infantPC3,4,5,0.613686052751941
500,match_fishBluejayPC2_infantPC3,4,11,0.595306958059788
501,match_fishBluejayPC3_bearDolphinPC3,4,15,0.71849466656548
502,match_fishBluejayPC3_bearDolphinPC3,4,34,0.676395543128863
503,match_fishBluejayPC3_bearDolphinPC3,4,28,0.592134884030503
504,match_fishBluejayPC3_bearDolphinPC3,4,14,0.581892949891547
505,match_fishBluejayPC3_elephantChimpPC2,4,13,0.859106706110639
506,match_fishBluejayPC3_elephantChimpPC2,4,32,0.61537982782365
507,match_fishBluejayPC3_elephantChimpPC2,4,3,0.60459923164088
508,match_fishBluejayPC3_elephantChimpPC2,4,31,0.572903436500167
509,match_frogMousePC1_elephantChimpPC2,4,29,0.793020109833765
510,match_frogMousePC1_elephantChimpPC2,4,31,0.721451669590462
511,match_frogMousePC1_elephantChimpPC2,4,7,0.703194059362629
512,match_frogMousePC1_elephantChimpPC2,4,23,0.69427348088744
513,match_frogMousePC2_adultPC3,4,38,0.897393887297721
514,match_frogMousePC2_adultPC3,4,10,0.790657088879438
515,match_frogMousePC2_adultPC3,4,5,0.613686052751941
516,match_frogMousePC2_adultPC3,4,11,0.595306958059788
517,match_frogMousePC2_bearDolphinPC2,4,10,0.790657088879438
518,match_frogMousePC2_bearDolphinPC2,4,8,0.778305767206782
519,match_frogMousePC2_bearDolphinPC2,4,37,0.721017786645987
520,match_frogMousePC2_bearDolphinPC2,4,27,0.643214653938293
521,match_frogMousePC2_childPC3,4,38,0.897393887297721
522,match_frogMousePC2_childPC3,4,10,0.790657088879438
523,match_frogMousePC2_childPC3,4,5,0.613686052751941
524,match_frogMousePC2_childPC3,4,11,0.595306958059788
525,match_frogMousePC2_elephantChimpPC3,4,38,0.897393887297721
526,match_frogMousePC2_elephantChimpPC3,4,8,0.778305767206782
527,match_frogMousePC2_elephantChimpPC3,4,39,0.658769859804393
528,match_frogMousePC2_elephantChimpPC3,4,27,0.643214653938293
529,match_frogMousePC2_fetusPVSPC3,4,38,0.897393887297721
530,match_frogMousePC2_fetusPVSPC3,4,10,0.790657088879438
531,match_frogMousePC2_fetusPVSPC3,4,5,0.613686052751941
532,match_frogMousePC2_fetusPVSPC3,4,11,0.595306958059788
533,match_frogMousePC2_goatDogPC2,4,8,0.778305767206782
534,match_frogMousePC2_goatDogPC2,4,37,0.721017786645987
535,match_frogMousePC2_goatDogPC2,4,5,0.613686052751941
536,match_frogMousePC2_goatDogPC2,4,11,0.595306958059788
537,match_frogMousePC2_infantPC3,4,38,0.897393887297721
538,match_frogMousePC2_infantPC3,4,10,0.790657088879438
539,match_frogMousePC2_infantPC3,4,5,0.613686052751941
540,match_frogMousePC2_infantPC3,4,11,0.595306958059788
541,match_frogMousePC3_bearDolphinPC3,4,15,0.71849466656548
542,match_frogMousePC3_bearDolphinPC3,4,34,0.676395543128863
543,match_frogMousePC3_bearDolphinPC3,4,28,0.592134884030503
544,match_frogMousePC3_bearDolphinPC3,4,14,0.581892949891547
545,match_frogMousePC3_elephantChimpPC2,4,13,0.859106706110639
546,match_frogMousePC3_elephantChimpPC2,4,32,0.61537982782365
547,match_frogMousePC3_elephantChimpPC2,4,3,0.60459923164088
548,match_frogMousePC3_elephantChimpPC2,4,31,0.572903436500167
549,match_goatDogPC1_adultPC3,4,26,0.890775472211481
550,match_goatDogPC1_adultPC3,4,6,0.87872542484158
551,match_goatDogPC1_adultPC3,4,32,0.870964998249068
552,match_goatDogPC1_adultPC3,4,31,0.820718991493069
553,match_goatDogPC1_childPC3,4,26,0.890775472211481
554,match_goatDogPC1_childPC3,4,6,0.87872542484158
555,match_goatDogPC1_childPC3,4,32,0.870964998249068
556,match_goatDogPC1_childPC3,4,31,0.820718991493069
557,match_goatDogPC1_fetusPVSPC3,4,26,0.890775472211481
558,match_goatDogPC1_fetusPVSPC3,4,6,0.87872542484158
559,match_goatDogPC1_fetusPVSPC3,4,32,0.870964998249068
560,match_goatDogPC1_fetusPVSPC3,4,31,0.820718991493069
561,match_goatDogPC1_infantPC3,4,26,0.890775472211481
562,match_goatDogPC1_infantPC3,4,6,0.87872542484158
563,match_goatDogPC1_infantPC3,4,32,0.870964998249068
564,match_goatDogPC1_infantPC3,4,31,0.820718991493069
565,match_goatDogPC2_bearDolphinPC2,4,29,0.854955544318772
566,match_goatDogPC2_bearDolphinPC2,4,8,0.821473157405411
567,match_goatDogPC2_bearDolphinPC2,4,37,0.817141175584529
568,match_goatDogPC2_bearDolphinPC2,4,13,0.774853819823746
569,match_microbeBeetlePC1_adultPC3,4,25,0.897439913345575
570,match_microbeBeetlePC1_adultPC3,4,11,0.817942324075166
571,match_microbeBeetlePC1_adultPC3,4,35,0.792083555717642
572,match_microbeBeetlePC1_adultPC3,4,32,0.777240672819206
573,match_microbeBeetlePC1_childPC3,4,25,0.897439913345575
574,match_microbeBeetlePC1_childPC3,4,11,0.817942324075166
575,match_microbeBeetlePC1_childPC3,4,35,0.792083555717642
576,match_microbeBeetlePC1_childPC3,4,32,0.777240672819206
577,match_microbeBeetlePC1_fetusPVSPC3,4,25,0.897439913345575
578,match_microbeBeetlePC1_fetusPVSPC3,4,11,0.817942324075166
579,match_microbeBeetlePC1_fetusPVSPC3,4,35,0.792083555717642
580,match_microbeBeetlePC1_fetusPVSPC3,4,32,0.777240672819206
581,match_microbeBeetlePC1_infantPC3,4,25,0.897439913345575
582,match_microbeBeetlePC1_infantPC3,4,11,0.817942324075166
583,match_microbeBeetlePC1_infantPC3,4,35,0.792083555717642
584,match_microbeBeetlePC1_infantPC3,4,32,0.777240672819206
585,match_microbeBeetlePC2_adultPC1,4,7,0.796326927561618
586,match_microbeBeetlePC2_adultPC1,4,1,0.691318442540439
587,match_microbeBeetlePC2_adultPC1,4,39,0.617045651485648
588,match_microbeBeetlePC2_adultPC1,4,8,0.615880912232987
589,match_microbeBeetlePC2_bearDolphinPC2,4,2,0.840687368172818
590,match_microbeBeetlePC2_bearDolphinPC2,4,10,0.838588489015267
591,match_microbeBeetlePC2_bearDolphinPC2,4,3,0.630902407200164
592,match_microbeBeetlePC2_bearDolphinPC2,4,8,0.615880912232987
593,match_microbeBeetlePC2_childPC1,4,7,0.796326927561618
594,match_microbeBeetlePC2_childPC1,4,1,0.691318442540439
595,match_microbeBeetlePC2_childPC1,4,39,0.617045651485648
596,match_microbeBeetlePC2_childPC1,4,8,0.615880912232987
597,match_microbeBeetlePC2_fetusPVSPC1,4,7,0.796326927561618
598,match_microbeBeetlePC2_fetusPVSPC1,4,1,0.691318442540439
599,match_microbeBeetlePC2_fetusPVSPC1,4,39,0.617045651485648
600,match_microbeBeetlePC2_fetusPVSPC1,4,8,0.615880912232987
601,match_microbeBeetlePC2_infantPC1,4,7,0.796326927561618
602,match_microbeBeetlePC2_infantPC1,4,1,0.691318442540439
603,match_microbeBeetlePC2_infantPC1,4,39,0.617045651485648
604,match_microbeBeetlePC2_infantPC1,4,8,0.615880912232987
605,match_microbeBeetlePC3_adultPC1,4,38,0.700419265338927
606,match_microbeBeetlePC3_adultPC1,4,4,0.667136184413961
607,match_microbeBeetlePC3_adultPC1,4,28,0.528605368738143
608,match_microbeBeetlePC3_adultPC1,4,39,0.450846081958877
609,match_microbeBeetlePC3_bearDolphinPC3,4,38,0.700419265338927
610,match_microbeBeetlePC3_bearDolphinPC3,4,28,0.528605368738143
611,match_microbeBeetlePC3_bearDolphinPC3,4,40,0.511312914160228
612,match_microbeBeetlePC3_bearDolphinPC3,4,9,0.441082769186757
613,match_microbeBeetlePC3_childPC1,4,38,0.700419265338927
614,match_microbeBeetlePC3_childPC1,4,4,0.667136184413961
615,match_microbeBeetlePC3_childPC1,4,28,0.528605368738143
616,match_microbeBeetlePC3_childPC1,4,39,0.450846081958877
617,match_microbeBeetlePC3_fetusPVSPC1,4,38,0.700419265338927
618,match_microbeBeetlePC3_fetusPVSPC1,4,4,0.667136184413961
619,match_microbeBeetlePC3_fetusPVSPC1,4,28,0.528605368738143
620,match_microbeBeetlePC3_fetusPVSPC1,4,39,0.450846081958877
621,match_microbeBeetlePC3_fishBluejayPC1,4,23,0.551963973723856
622,match_microbeBeetlePC3_fishBluejayPC1,4,40,0.511312914160228
623,match_microbeBeetlePC3_fishBluejayPC1,4,39,0.450846081958877
624,match_microbeBeetlePC3_fishBluejayPC1,4,9,0.441082769186757
625,match_microbeBeetlePC3_frogMousePC1,4,23,0.551963973723856
626,match_microbeBeetlePC3_frogMousePC1,4,40,0.511312914160228
627,match_microbeBeetlePC3_frogMousePC1,4,39,0.450846081958877
628,match_microbeBeetlePC3_frogMousePC1,4,9,0.441082769186757
629,match_microbeBeetlePC3_infantPC1,4,38,0.700419265338927
630,match_microbeBeetlePC3_infantPC1,4,4,0.667136184413961
631,match_microbeBeetlePC3_infantPC1,4,28,0.528605368738143
632,match_microbeBeetlePC3_infantPC1,4,39,0.450846081958877
633,match_staplerCarPC1_adultPC3,4,5,0.859758275793344
634,match_staplerCarPC1_adultPC3,4,6,0.831108087025276
635,match_staplerCarPC1_adultPC3,4,10,0.800946841178407
636,match_staplerCarPC1_adultPC3,4,35,0.760879117293274
637,match_staplerCarPC1_bearDolphinPC1,4,5,0.859758275793344
638,match_staplerCarPC1_bearDolphinPC1,4,7,0.832963113136399
639,match_staplerCarPC1_bearDolphinPC1,4,35,0.760879117293274
640,match_staplerCarPC1_bearDolphinPC1,4,24,0.711472451038322
641,match_staplerCarPC1_childPC3,4,5,0.859758275793344
642,match_staplerCarPC1_childPC3,4,6,0.831108087025276
643,match_staplerCarPC1_childPC3,4,10,0.800946841178407
644,match_staplerCarPC1_childPC3,4,35,0.760879117293274
645,match_staplerCarPC1_elephantChimpPC3,4,4,0.867534082484792
646,match_staplerCarPC1_elephantChimpPC3,4,2,0.834334638750698
647,match_staplerCarPC1_elephantChimpPC3,4,9,0.821400788054539
648,match_staplerCarPC1_elephantChimpPC3,4,8,0.816342983259351
649,match_staplerCarPC1_fetusPVSPC3,4,5,0.859758275793344
650,match_staplerCarPC1_fetusPVSPC3,4,6,0.831108087025276
651,match_staplerCarPC1_fetusPVSPC3,4,10,0.800946841178407
652,match_staplerCarPC1_fetusPVSPC3,4,35,0.760879117293274
653,match_staplerCarPC1_goatDogPC2,4,5,0.859758275793344
654,match_staplerCarPC1_goatDogPC2,4,7,0.832963113136399
655,match_staplerCarPC1_goatDogPC2,4,8,0.816342983259351
656,match_staplerCarPC1_goatDogPC2,4,24,0.711472451038322
657,match_staplerCarPC1_infantPC3,4,5,0.859758275793344
658,match_staplerCarPC1_infantPC3,4,6,0.831108087025276
659,match_staplerCarPC1_infantPC3,4,10,0.800946841178407
660,match_staplerCarPC1_infantPC3,4,35,0.760879117293274
661,match_staplerCarPC2_bearDolphinPC2,4,29,0.790680220278854
662,match_staplerCarPC2_bearDolphinPC2,4,37,0.702882768090962
663,match_staplerCarPC2_bearDolphinPC2,4,36,0.665980180726728
664,match_staplerCarPC2_bearDolphinPC2,4,27,0.560296027891121
665,match_staplerCarPC2_bearDolphinPC3,4,34,0.679609877667405
666,match_staplerCarPC2_bearDolphinPC3,4,20,0.663900333261162
667,match_staplerCarPC2_bearDolphinPC3,4,28,0.656974898081263
668,match_staplerCarPC2_bearDolphinPC3,4,19,0.609413148130805
669,match_staplerCarPC2_elephantChimpPC2,4,29,0.790680220278854
670,match_staplerCarPC2_elephantChimpPC2,4,36,0.665980180726728
671,match_staplerCarPC2_elephantChimpPC2,4,20,0.663900333261162
672,match_staplerCarPC2_elephantChimpPC2,4,19,0.609413148130805
673,match_staplerCarPC2_goatDogPC2,4,29,0.790680220278854
674,match_staplerCarPC2_goatDogPC2,4,37,0.702882768090962
675,match_staplerCarPC2_goatDogPC2,4,34,0.679609877667405
676,match_staplerCarPC2_goatDogPC2,4,16,0.590652333527011
677,match_staplerCarPC3_adultPC2,4,14,0.73564705834339
678,match_staplerCarPC3_adultPC2,4,18,0.706548762965254
679,match_staplerCarPC3_adultPC2,4,15,0.567053869620128
680,match_staplerCarPC3_adultPC2,4,12,0.409780042608352
681,match_staplerCarPC3_childPC2,4,14,0.73564705834339
682,match_staplerCarPC3_childPC2,4,18,0.706548762965254
683,match_staplerCarPC3_childPC2,4,15,0.567053869620128
684,match_staplerCarPC3_childPC2,4,12,0.409780042608352
685,match_staplerCarPC3_elephantChimpPC3,4,14,0.73564705834339
686,match_staplerCarPC3_elephantChimpPC3,4,31,0.608423120960326
687,match_staplerCarPC3_elephantChimpPC3,4,39,0.457132916928265
688,match_staplerCarPC3_elephantChimpPC3,4,38,0.405236750442941
689,match_staplerCarPC3_fetusPVSPC2,4,14,0.73564705834339
690,match_staplerCarPC3_fetusPVSPC2,4,18,0.706548762965254
691,match_staplerCarPC3_fetusPVSPC2,4,15,0.567053869620128
692,match_staplerCarPC3_fetusPVSPC2,4,12,0.409780042608352
693,match_staplerCarPC3_fishBluejayPC3,4,14,0.73564705834339
694,match_staplerCarPC3_fishBluejayPC3,4,13,0.634798455068283
695,match_staplerCarPC3_fishBluejayPC3,4,31,0.608423120960326
696,match_staplerCarPC3_fishBluejayPC3,4,15,0.567053869620128
697,match_staplerCarPC3_frogMousePC3,4,14,0.73564705834339
698,match_staplerCarPC3_frogMousePC3,4,13,0.634798455068283
699,match_staplerCarPC3_frogMousePC3,4,31,0.608423120960326
700,match_staplerCarPC3_frogMousePC3,4,15,0.567053869620128
701,match_staplerCarPC3_infantPC2,4,14,0.73564705834339
702,match_staplerCarPC3_infantPC2,4,18,0.706548762965254
703,match_staplerCarPC3_infantPC2,4,15,0.567053869620128
704,match_staplerCarPC3_infantPC2,4,12,0.409780042608352
705,match_bearDolphinPC2_elephantChimpPC3,3,8,0.83398018154121
706,match_bearDolphinPC2_elephantChimpPC3,3,2,0.62641745385665
707,match_bearDolphinPC2_elephantChimpPC3,3,27,0.617227885025479
708,match_bearDolphinPC3_adultPC1,3,38,0.872220838453388
709,match_bearDolphinPC3_adultPC1,3,34,0.4131649283593
710,match_bearDolphinPC3_adultPC1,3,28,0.4012326935233
711,match_bearDolphinPC3_adultPC2,3,19,0.797353019708074
712,match_bearDolphinPC3_adultPC2,3,15,0.397446918470607
713,match_bearDolphinPC3_adultPC2,3,14,0.372740293101346
714,match_bearDolphinPC3_childPC1,3,38,0.872220838453388
715,match_bearDolphinPC3_childPC1,3,34,0.4131649283593
716,match_bearDolphinPC3_childPC1,3,28,0.4012326935233
717,match_bearDolphinPC3_childPC2,3,19,0.797353019708074
718,match_bearDolphinPC3_childPC2,3,15,0.397446918470607
719,match_bearDolphinPC3_childPC2,3,14,0.372740293101346
720,match_bearDolphinPC3_fetusPVSPC1,3,38,0.872220838453388
721,match_bearDolphinPC3_fetusPVSPC1,3,34,0.4131649283593
722,match_bearDolphinPC3_fetusPVSPC1,3,28,0.4012326935233
723,match_bearDolphinPC3_fetusPVSPC2,3,19,0.797353019708074
724,match_bearDolphinPC3_fetusPVSPC2,3,15,0.397446918470607
725,match_bearDolphinPC3_fetusPVSPC2,3,14,0.372740293101346
726,match_bearDolphinPC3_infantPC1,3,38,0.872220838453388
727,match_bearDolphinPC3_infantPC1,3,34,0.4131649283593
728,match_bearDolphinPC3_infantPC1,3,28,0.4012326935233
729,match_bearDolphinPC3_infantPC2,3,19,0.797353019708074
730,match_bearDolphinPC3_infantPC2,3,15,0.397446918470607
731,match_bearDolphinPC3_infantPC2,3,14,0.372740293101346
732,match_computerRobotPC1_adultPC3,3,31,0.778825411194218
733,match_computerRobotPC1_adultPC3,3,32,0.744286981593788
734,match_computerRobotPC1_adultPC3,3,11,0.715694066356424
735,match_computerRobotPC1_bearDolphinPC3,3,40,0.756081967312505
736,match_computerRobotPC1_bearDolphinPC3,3,28,0.731228831678554
737,match_computerRobotPC1_bearDolphinPC3,3,15,0.647327799636863
738,match_computerRobotPC1_childPC3,3,31,0.778825411194218
739,match_computerRobotPC1_childPC3,3,32,0.744286981593788
740,match_computerRobotPC1_childPC3,3,11,0.715694066356424
741,match_computerRobotPC1_elephantChimpPC2,3,31,0.778825411194218
742,match_computerRobotPC1_elephantChimpPC2,3,32,0.744286981593788
743,match_computerRobotPC1_elephantChimpPC2,3,36,0.712920011457107
744,match_computerRobotPC1_fetusPVSPC3,3,31,0.778825411194218
745,match_computerRobotPC1_fetusPVSPC3,3,32,0.744286981593788
746,match_computerRobotPC1_fetusPVSPC3,3,11,0.715694066356424
747,match_computerRobotPC1_infantPC3,3,31,0.778825411194218
748,match_computerRobotPC1_infantPC3,3,32,0.744286981593788
749,match_computerRobotPC1_infantPC3,3,11,0.715694066356424
750,match_computerRobotPC2_adultPC1,3,4,0.773772656745753
751,match_computerRobotPC2_adultPC1,3,8,0.700594371447716
752,match_computerRobotPC2_adultPC1,3,7,0.627416263062843
753,match_computerRobotPC2_adultPC2,3,18,0.745800638670773
754,match_computerRobotPC2_adultPC2,3,23,0.702761050070001
755,match_computerRobotPC2_adultPC2,3,14,0.646424870661588
756,match_computerRobotPC2_bearDolphinPC1,3,5,0.789390856233699
757,match_computerRobotPC2_bearDolphinPC1,3,18,0.745800638670773
758,match_computerRobotPC2_bearDolphinPC1,3,7,0.627416263062843
759,match_computerRobotPC2_childPC1,3,4,0.773772656745753
760,match_computerRobotPC2_childPC1,3,8,0.700594371447716
761,match_computerRobotPC2_childPC1,3,7,0.627416263062843
762,match_computerRobotPC2_childPC2,3,18,0.745800638670773
763,match_computerRobotPC2_childPC2,3,23,0.702761050070001
764,match_computerRobotPC2_childPC2,3,14,0.646424870661588
765,match_computerRobotPC2_elephantChimpPC2,3,23,0.702761050070001
766,match_computerRobotPC2_elephantChimpPC2,3,7,0.627416263062843
767,match_computerRobotPC2_elephantChimpPC2,3,13,0.599174589485592
768,match_computerRobotPC2_fetusPVSPC1,3,4,0.773772656745753
769,match_computerRobotPC2_fetusPVSPC1,3,8,0.700594371447716
770,match_computerRobotPC2_fetusPVSPC1,3,7,0.627416263062843
771,match_computerRobotPC2_fetusPVSPC2,3,18,0.745800638670773
772,match_computerRobotPC2_fetusPVSPC2,3,23,0.702761050070001
773,match_computerRobotPC2_fetusPVSPC2,3,14,0.646424870661588
774,match_computerRobotPC2_fishBluejayPC1,3,23,0.702761050070001
775,match_computerRobotPC2_fishBluejayPC1,3,2,0.701868227521879
776,match_computerRobotPC2_fishBluejayPC1,3,7,0.627416263062843
777,match_computerRobotPC2_frogMousePC1,3,23,0.702761050070001
778,match_computerRobotPC2_frogMousePC1,3,2,0.701868227521879
779,match_computerRobotPC2_frogMousePC1,3,7,0.627416263062843
780,match_computerRobotPC2_infantPC1,3,4,0.773772656745753
781,match_computerRobotPC2_infantPC1,3,8,0.700594371447716
782,match_computerRobotPC2_infantPC1,3,7,0.627416263062843
783,match_computerRobotPC2_infantPC2,3,18,0.745800638670773
784,match_computerRobotPC2_infantPC2,3,23,0.702761050070001
785,match_computerRobotPC2_infantPC2,3,14,0.646424870661588
786,match_computerRobotPC2_microbeBeetlePC3,3,4,0.773772656745753
787,match_computerRobotPC2_microbeBeetlePC3,3,23,0.702761050070001
788,match_computerRobotPC2_microbeBeetlePC3,3,37,0.593726389562069
789,match_computerRobotPC3_adultPC1,3,38,0.72678147714581
790,match_computerRobotPC3_adultPC1,3,7,0.523864151931829
791,match_computerRobotPC3_adultPC1,3,39,0.519253732298365
792,match_computerRobotPC3_adultPC3,3,38,0.72678147714581
793,match_computerRobotPC3_adultPC3,3,25,0.572408878433766
794,match_computerRobotPC3_adultPC3,3,6,0.469393635138127
795,match_computerRobotPC3_childPC1,3,38,0.72678147714581
796,match_computerRobotPC3_childPC1,3,7,0.523864151931829
797,match_computerRobotPC3_childPC1,3,39,0.519253732298365
798,match_computerRobotPC3_childPC3,3,38,0.72678147714581
799,match_computerRobotPC3_childPC3,3,25,0.572408878433766
800,match_computerRobotPC3_childPC3,3,6,0.469393635138127
801,match_computerRobotPC3_fetusPVSPC1,3,38,0.72678147714581
802,match_computerRobotPC3_fetusPVSPC1,3,7,0.523864151931829
803,match_computerRobotPC3_fetusPVSPC1,3,39,0.519253732298365
804,match_computerRobotPC3_fetusPVSPC3,3,38,0.72678147714581
805,match_computerRobotPC3_fetusPVSPC3,3,25,0.572408878433766
806,match_computerRobotPC3_fetusPVSPC3,3,6,0.469393635138127
807,match_computerRobotPC3_fishBluejayPC1,3,29,0.621541340655558
808,match_computerRobotPC3_fishBluejayPC1,3,7,0.523864151931829
809,match_computerRobotPC3_fishBluejayPC1,3,39,0.519253732298365
810,match_computerRobotPC3_fishBluejayPC2,3,38,0.72678147714581
811,match_computerRobotPC3_fishBluejayPC2,3,21,0.62058734402807
812,match_computerRobotPC3_fishBluejayPC2,3,39,0.519253732298365
813,match_computerRobotPC3_frogMousePC1,3,29,0.621541340655558
814,match_computerRobotPC3_frogMousePC1,3,7,0.523864151931829
815,match_computerRobotPC3_frogMousePC1,3,39,0.519253732298365
816,match_computerRobotPC3_frogMousePC2,3,38,0.72678147714581
817,match_computerRobotPC3_frogMousePC2,3,21,0.62058734402807
818,match_computerRobotPC3_frogMousePC2,3,39,0.519253732298365
819,match_computerRobotPC3_goatDogPC2,3,29,0.621541340655558
820,match_computerRobotPC3_goatDogPC2,3,7,0.523864151931829
821,match_computerRobotPC3_goatDogPC2,3,13,0.470067598949699
822,match_computerRobotPC3_infantPC1,3,38,0.72678147714581
823,match_computerRobotPC3_infantPC1,3,7,0.523864151931829
824,match_computerRobotPC3_infantPC1,3,39,0.519253732298365
825,match_computerRobotPC3_infantPC3,3,38,0.72678147714581
826,match_computerRobotPC3_infantPC3,3,25,0.572408878433766
827,match_computerRobotPC3_infantPC3,3,6,0.469393635138127
828,match_computerRobotPC3_microbeBeetlePC2,3,7,0.523864151931829
829,match_computerRobotPC3_microbeBeetlePC2,3,39,0.519253732298365
830,match_computerRobotPC3_microbeBeetlePC2,3,6,0.469393635138127
831,match_computerRobotPC3_microbeBeetlePC3,3,38,0.72678147714581
832,match_computerRobotPC3_microbeBeetlePC3,3,39,0.519253732298365
833,match_computerRobotPC3_microbeBeetlePC3,3,6,0.469393635138127
834,match_elephantChimpPC1_adultPC1,3,28,0.854137650630074
835,match_elephantChimpPC1_adultPC1,3,1,0.835781118584489
836,match_elephantChimpPC1_adultPC1,3,33,0.818986699419174
837,match_elephantChimpPC1_childPC1,3,28,0.854137650630074
838,match_elephantChimpPC1_childPC1,3,1,0.835781118584489
839,match_elephantChimpPC1_childPC1,3,33,0.818986699419174
840,match_elephantChimpPC1_fetusPVSPC1,3,28,0.854137650630074
841,match_elephantChimpPC1_fetusPVSPC1,3,1,0.835781118584489
842,match_elephantChimpPC1_fetusPVSPC1,3,33,0.818986699419174
843,match_elephantChimpPC1_infantPC1,3,28,0.854137650630074
844,match_elephantChimpPC1_infantPC1,3,1,0.835781118584489
845,match_elephantChimpPC1_infantPC1,3,33,0.818986699419174
846,match_elephantChimpPC2_adultPC2,3,29,0.812255433017156
847,match_elephantChimpPC2_adultPC2,3,23,0.737710227515738
848,match_elephantChimpPC2_adultPC2,3,19,0.603324103570322
849,match_elephantChimpPC2_childPC2,3,29,0.812255433017156
850,match_elephantChimpPC2_childPC2,3,23,0.737710227515738
851,match_elephantChimpPC2_childPC2,3,19,0.603324103570322
852,match_elephantChimpPC2_fetusPVSPC2,3,29,0.812255433017156
853,match_elephantChimpPC2_fetusPVSPC2,3,23,0.737710227515738
854,match_elephantChimpPC2_fetusPVSPC2,3,19,0.603324103570322
855,match_elephantChimpPC2_infantPC2,3,29,0.812255433017156
856,match_elephantChimpPC2_infantPC2,3,23,0.737710227515738
857,match_elephantChimpPC2_infantPC2,3,19,0.603324103570322
858,match_fishBluejayPC1_adultPC1,3,1,0.750583876840079
859,match_fishBluejayPC1_adultPC1,3,7,0.703194059362629
860,match_fishBluejayPC1_adultPC1,3,39,0.700400419130871
861,match_fishBluejayPC1_bearDolphinPC1,3,1,0.750583876840079
862,match_fishBluejayPC1_bearDolphinPC1,3,7,0.703194059362629
863,match_fishBluejayPC1_bearDolphinPC1,3,26,0.697238726246478
864,match_fishBluejayPC1_bearDolphinPC2,3,2,0.849465979540585
865,match_fishBluejayPC1_bearDolphinPC2,3,29,0.793020109833765
866,match_fishBluejayPC1_bearDolphinPC2,3,23,0.69427348088744
867,match_fishBluejayPC1_childPC1,3,1,0.750583876840079
868,match_fishBluejayPC1_childPC1,3,7,0.703194059362629
869,match_fishBluejayPC1_childPC1,3,39,0.700400419130871
870,match_fishBluejayPC1_fetusPVSPC1,3,1,0.750583876840079
871,match_fishBluejayPC1_fetusPVSPC1,3,7,0.703194059362629
872,match_fishBluejayPC1_fetusPVSPC1,3,39,0.700400419130871
873,match_fishBluejayPC1_goatDogPC1,3,2,0.849465979540585
874,match_fishBluejayPC1_goatDogPC1,3,31,0.721451669590462
875,match_fishBluejayPC1_goatDogPC1,3,26,0.697238726246478
876,match_fishBluejayPC1_infantPC1,3,1,0.750583876840079
877,match_fishBluejayPC1_infantPC1,3,7,0.703194059362629
878,match_fishBluejayPC1_infantPC1,3,39,0.700400419130871
879,match_fishBluejayPC2_adultPC1,3,38,0.897393887297721
880,match_fishBluejayPC2_adultPC1,3,8,0.778305767206782
881,match_fishBluejayPC2_adultPC1,3,39,0.658769859804393
882,match_fishBluejayPC2_childPC1,3,38,0.897393887297721
883,match_fishBluejayPC2_childPC1,3,8,0.778305767206782
884,match_fishBluejayPC2_childPC1,3,39,0.658769859804393
885,match_fishBluejayPC2_fetusPVSPC1,3,38,0.897393887297721
886,match_fishBluejayPC2_fetusPVSPC1,3,8,0.778305767206782
887,match_fishBluejayPC2_fetusPVSPC1,3,39,0.658769859804393
888,match_fishBluejayPC2_infantPC1,3,38,0.897393887297721
889,match_fishBluejayPC2_infantPC1,3,8,0.778305767206782
890,match_fishBluejayPC2_infantPC1,3,39,0.658769859804393
891,match_fishBluejayPC3_adultPC1,3,34,0.676395543128863
892,match_fishBluejayPC3_adultPC1,3,32,0.61537982782365
893,match_fishBluejayPC3_adultPC1,3,28,0.592134884030503
894,match_fishBluejayPC3_adultPC2,3,15,0.71849466656548
895,match_fishBluejayPC3_adultPC2,3,30,0.631029887778338
896,match_fishBluejayPC3_adultPC2,3,14,0.581892949891547
897,match_fishBluejayPC3_bearDolphinPC2,3,13,0.859106706110639
898,match_fishBluejayPC3_bearDolphinPC2,3,27,0.659560347055448
899,match_fishBluejayPC3_bearDolphinPC2,3,3,0.60459923164088
900,match_fishBluejayPC3_childPC1,3,34,0.676395543128863
901,match_fishBluejayPC3_childPC1,3,32,0.61537982782365
902,match_fishBluejayPC3_childPC1,3,28,0.592134884030503
903,match_fishBluejayPC3_childPC2,3,15,0.71849466656548
904,match_fishBluejayPC3_childPC2,3,30,0.631029887778338
905,match_fishBluejayPC3_childPC2,3,14,0.581892949891547
906,match_fishBluejayPC3_elephantChimpPC3,3,27,0.659560347055448
907,match_fishBluejayPC3_elephantChimpPC3,3,14,0.581892949891547
908,match_fishBluejayPC3_elephantChimpPC3,3,31,0.572903436500167
909,match_fishBluejayPC3_fetusPVSPC1,3,34,0.676395543128863
910,match_fishBluejayPC3_fetusPVSPC1,3,32,0.61537982782365
911,match_fishBluejayPC3_fetusPVSPC1,3,28,0.592134884030503
912,match_fishBluejayPC3_fetusPVSPC2,3,15,0.71849466656548
913,match_fishBluejayPC3_fetusPVSPC2,3,30,0.631029887778338
914,match_fishBluejayPC3_fetusPVSPC2,3,14,0.581892949891547
915,match_fishBluejayPC3_infantPC1,3,34,0.676395543128863
916,match_fishBluejayPC3_infantPC1,3,32,0.61537982782365
917,match_fishBluejayPC3_infantPC1,3,28,0.592134884030503
918,match_fishBluejayPC3_infantPC2,3,15,0.71849466656548
919,match_fishBluejayPC3_infantPC2,3,30,0.631029887778338
920,match_fishBluejayPC3_infantPC2,3,14,0.581892949891547
921,match_frogMousePC1_adultPC1,3,1,0.750583876840079
922,match_frogMousePC1_adultPC1,3,7,0.703194059362629
923,match_frogMousePC1_adultPC1,3,39,0.700400419130871
924,match_frogMousePC1_bearDolphinPC1,3,1,0.750583876840079
925,match_frogMousePC1_bearDolphinPC1,3,7,0.703194059362629
926,match_frogMousePC1_bearDolphinPC1,3,26,0.697238726246478
927,match_frogMousePC1_bearDolphinPC2,3,2,0.849465979540585
928,match_frogMousePC1_bearDolphinPC2,3,29,0.793020109833765
929,match_frogMousePC1_bearDolphinPC2,3,23,0.69427348088744
930,match_frogMousePC1_childPC1,3,1,0.750583876840079
931,match_frogMousePC1_childPC1,3,7,0.703194059362629
932,match_frogMousePC1_childPC1,3,39,0.700400419130871
933,match_frogMousePC1_fetusPVSPC1,3,1,0.750583876840079
934,match_frogMousePC1_fetusPVSPC1,3,7,0.703194059362629
935,match_frogMousePC1_fetusPVSPC1,3,39,0.700400419130871
936,match_frogMousePC1_goatDogPC1,3,2,0.849465979540585
937,match_frogMousePC1_goatDogPC1,3,31,0.721451669590462
938,match_frogMousePC1_goatDogPC1,3,26,0.697238726246478
939,match_frogMousePC1_infantPC1,3,1,0.750583876840079
940,match_frogMousePC1_infantPC1,3,7,0.703194059362629
941,match_frogMousePC1_infantPC1,3,39,0.700400419130871
942,match_frogMousePC2_adultPC1,3,38,0.897393887297721
943,match_frogMousePC2_adultPC1,3,8,0.778305767206782
944,match_frogMousePC2_adultPC1,3,39,0.658769859804393
945,match_frogMousePC2_childPC1,3,38,0.897393887297721
946,match_frogMousePC2_childPC1,3,8,0.778305767206782
947,match_frogMousePC2_childPC1,3,39,0.658769859804393
948,match_frogMousePC2_fetusPVSPC1,3,38,0.897393887297721
949,match_frogMousePC2_fetusPVSPC1,3,8,0.778305767206782
950,match_frogMousePC2_fetusPVSPC1,3,39,0.658769859804393
951,match_frogMousePC2_infantPC1,3,38,0.897393887297721
952,match_frogMousePC2_infantPC1,3,8,0.778305767206782
953,match_frogMousePC2_infantPC1,3,39,0.658769859804393
954,match_frogMousePC3_adultPC1,3,34,0.676395543128863
955,match_frogMousePC3_adultPC1,3,32,0.61537982782365
956,match_frogMousePC3_adultPC1,3,28,0.592134884030503
957,match_frogMousePC3_adultPC2,3,15,0.71849466656548
958,match_frogMousePC3_adultPC2,3,30,0.631029887778338
959,match_frogMousePC3_adultPC2,3,14,0.581892949891547
960,match_frogMousePC3_bearDolphinPC2,3,13,0.859106706110639
961,match_frogMousePC3_bearDolphinPC2,3,27,0.659560347055448
962,match_frogMousePC3_bearDolphinPC2,3,3,0.60459923164088
963,match_frogMousePC3_childPC1,3,34,0.676395543128863
964,match_frogMousePC3_childPC1,3,32,0.61537982782365
965,match_frogMousePC3_childPC1,3,28,0.592134884030503
966,match_frogMousePC3_childPC2,3,15,0.71849466656548
967,match_frogMousePC3_childPC2,3,30,0.631029887778338
968,match_frogMousePC3_childPC2,3,14,0.581892949891547
969,match_frogMousePC3_elephantChimpPC3,3,27,0.659560347055448
970,match_frogMousePC3_elephantChimpPC3,3,14,0.581892949891547
971,match_frogMousePC3_elephantChimpPC3,3,31,0.572903436500167
972,match_frogMousePC3_fetusPVSPC1,3,34,0.676395543128863
973,match_frogMousePC3_fetusPVSPC1,3,32,0.61537982782365
974,match_frogMousePC3_fetusPVSPC1,3,28,0.592134884030503
975,match_frogMousePC3_fetusPVSPC2,3,15,0.71849466656548
976,match_frogMousePC3_fetusPVSPC2,3,30,0.631029887778338
977,match_frogMousePC3_fetusPVSPC2,3,14,0.581892949891547
978,match_frogMousePC3_infantPC1,3,34,0.676395543128863
979,match_frogMousePC3_infantPC1,3,32,0.61537982782365
980,match_frogMousePC3_infantPC1,3,28,0.592134884030503
981,match_frogMousePC3_infantPC2,3,15,0.71849466656548
982,match_frogMousePC3_infantPC2,3,30,0.631029887778338
983,match_frogMousePC3_infantPC2,3,14,0.581892949891547
984,match_goatDogPC1_adultPC1,3,28,0.871767128149166
985,match_goatDogPC1_adultPC1,3,32,0.870964998249068
986,match_goatDogPC1_adultPC1,3,33,0.833480885124939
987,match_goatDogPC1_bearDolphinPC1,3,26,0.890775472211481
988,match_goatDogPC1_bearDolphinPC1,3,32,0.870964998249068
989,match_goatDogPC1_bearDolphinPC1,3,33,0.833480885124939
990,match_goatDogPC1_childPC1,3,28,0.871767128149166
991,match_goatDogPC1_childPC1,3,32,0.870964998249068
992,match_goatDogPC1_childPC1,3,33,0.833480885124939
993,match_goatDogPC1_elephantChimpPC3,3,2,0.85796882866426
994,match_goatDogPC1_elephantChimpPC3,3,27,0.84597891685958
995,match_goatDogPC1_elephantChimpPC3,3,31,0.820718991493069
996,match_goatDogPC1_fetusPVSPC1,3,28,0.871767128149166
997,match_goatDogPC1_fetusPVSPC1,3,32,0.870964998249068
998,match_goatDogPC1_fetusPVSPC1,3,33,0.833480885124939
999,match_goatDogPC1_infantPC1,3,28,0.871767128149166
1000,match_goatDogPC1_infantPC1,3,32,0.870964998249068
1001,match_goatDogPC1_infantPC1,3,33,0.833480885124939
1002,match_goatDogPC2_adultPC1,3,8,0.821473157405411
1003,match_goatDogPC2_adultPC1,3,34,0.792773948645237
1004,match_goatDogPC2_adultPC1,3,7,0.686724067386597
1005,match_goatDogPC2_bearDolphinPC1,3,5,0.716973568819433
1006,match_goatDogPC2_bearDolphinPC1,3,24,0.688972648030159
1007,match_goatDogPC2_bearDolphinPC1,3,7,0.686724067386597
1008,match_goatDogPC2_childPC1,3,8,0.821473157405411
1009,match_goatDogPC2_childPC1,3,34,0.792773948645237
1010,match_goatDogPC2_childPC1,3,7,0.686724067386597
1011,match_goatDogPC2_elephantChimpPC1,3,16,0.731375576648265
1012,match_goatDogPC2_elephantChimpPC1,3,5,0.716973568819433
1013,match_goatDogPC2_elephantChimpPC1,3,11,0.649509502730663
1014,match_goatDogPC2_elephantChimpPC2,3,29,0.854955544318772
1015,match_goatDogPC2_elephantChimpPC2,3,13,0.774853819823746
1016,match_goatDogPC2_elephantChimpPC2,3,7,0.686724067386597
1017,match_goatDogPC2_fetusPVSPC1,3,8,0.821473157405411
1018,match_goatDogPC2_fetusPVSPC1,3,34,0.792773948645237
1019,match_goatDogPC2_fetusPVSPC1,3,7,0.686724067386597
1020,match_goatDogPC2_infantPC1,3,8,0.821473157405411
1021,match_goatDogPC2_infantPC1,3,34,0.792773948645237
1022,match_goatDogPC2_infantPC1,3,7,0.686724067386597
1023,match_goatDogPC3_elephantChimpPC3,3,38,0.708633906361817
1024,match_goatDogPC3_elephantChimpPC3,3,14,0.62858972145073
1025,match_goatDogPC3_elephantChimpPC3,3,39,0.600318299841477
1026,match_microbeBeetlePC1_adultPC2,3,29,0.844679009900006
1027,match_microbeBeetlePC1_adultPC2,3,15,0.816495340969975
1028,match_microbeBeetlePC1_adultPC2,3,18,0.783167722910151
1029,match_microbeBeetlePC1_bearDolphinPC1,3,35,0.792083555717642
1030,match_microbeBeetlePC1_bearDolphinPC1,3,18,0.783167722910151
1031,match_microbeBeetlePC1_bearDolphinPC1,3,32,0.777240672819206
1032,match_microbeBeetlePC1_bearDolphinPC2,3,36,0.871424376775871
1033,match_microbeBeetlePC1_bearDolphinPC2,3,29,0.844679009900006
1034,match_microbeBeetlePC1_bearDolphinPC2,3,27,0.833940631176871
1035,match_microbeBeetlePC1_childPC2,3,29,0.844679009900006
1036,match_microbeBeetlePC1_childPC2,3,15,0.816495340969975
1037,match_microbeBeetlePC1_childPC2,3,18,0.783167722910151
1038,match_microbeBeetlePC1_elephantChimpPC1,3,11,0.817942324075166
1039,match_microbeBeetlePC1_elephantChimpPC1,3,16,0.81297274304029
1040,match_microbeBeetlePC1_elephantChimpPC1,3,35,0.792083555717642
1041,match_microbeBeetlePC1_elephantChimpPC2,3,36,0.871424376775871
1042,match_microbeBeetlePC1_elephantChimpPC2,3,29,0.844679009900006
1043,match_microbeBeetlePC1_elephantChimpPC2,3,32,0.777240672819206
1044,match_microbeBeetlePC1_fetusPVSPC2,3,29,0.844679009900006
1045,match_microbeBeetlePC1_fetusPVSPC2,3,15,0.816495340969975
1046,match_microbeBeetlePC1_fetusPVSPC2,3,18,0.783167722910151
1047,match_microbeBeetlePC1_fishBluejayPC2,3,27,0.833940631176871
1048,match_microbeBeetlePC1_fishBluejayPC2,3,11,0.817942324075166
1049,match_microbeBeetlePC1_fishBluejayPC2,3,18,0.783167722910151
1050,match_microbeBeetlePC1_fishBluejayPC3,3,27,0.833940631176871
1051,match_microbeBeetlePC1_fishBluejayPC3,3,15,0.816495340969975
1052,match_microbeBeetlePC1_fishBluejayPC3,3,32,0.777240672819206
1053,match_microbeBeetlePC1_frogMousePC2,3,27,0.833940631176871
1054,match_microbeBeetlePC1_frogMousePC2,3,11,0.817942324075166
1055,match_microbeBeetlePC1_frogMousePC2,3,18,0.783167722910151
1056,match_microbeBeetlePC1_frogMousePC3,3,27,0.833940631176871
1057,match_microbeBeetlePC1_frogMousePC3,3,15,0.816495340969975
1058,match_microbeBeetlePC1_frogMousePC3,3,32,0.777240672819206
1059,match_microbeBeetlePC1_goatDogPC2,3,29,0.844679009900006
1060,match_microbeBeetlePC1_goatDogPC2,3,11,0.817942324075166
1061,match_microbeBeetlePC1_goatDogPC2,3,16,0.81297274304029
1062,match_microbeBeetlePC1_infantPC2,3,29,0.844679009900006
1063,match_microbeBeetlePC1_infantPC2,3,15,0.816495340969975
1064,match_microbeBeetlePC1_infantPC2,3,18,0.783167722910151
1065,match_microbeBeetlePC2_adultPC3,3,10,0.838588489015267
1066,match_microbeBeetlePC2_adultPC3,3,31,0.716346067311217
1067,match_microbeBeetlePC2_adultPC3,3,6,0.681776716979774
1068,match_microbeBeetlePC2_childPC3,3,10,0.838588489015267
1069,match_microbeBeetlePC2_childPC3,3,31,0.716346067311217
1070,match_microbeBeetlePC2_childPC3,3,6,0.681776716979774
1071,match_microbeBeetlePC2_elephantChimpPC2,3,7,0.796326927561618
1072,match_microbeBeetlePC2_elephantChimpPC2,3,31,0.716346067311217
1073,match_microbeBeetlePC2_elephantChimpPC2,3,3,0.630902407200164
1074,match_microbeBeetlePC2_fetusPVSPC3,3,10,0.838588489015267
1075,match_microbeBeetlePC2_fetusPVSPC3,3,31,0.716346067311217
1076,match_microbeBeetlePC2_fetusPVSPC3,3,6,0.681776716979774
1077,match_microbeBeetlePC2_fishBluejayPC2,3,10,0.838588489015267
1078,match_microbeBeetlePC2_fishBluejayPC2,3,39,0.617045651485648
1079,match_microbeBeetlePC2_fishBluejayPC2,3,8,0.615880912232987
1080,match_microbeBeetlePC2_fishBluejayPC3,3,14,0.800256628686646
1081,match_microbeBeetlePC2_fishBluejayPC3,3,31,0.716346067311217
1082,match_microbeBeetlePC2_fishBluejayPC3,3,3,0.630902407200164
1083,match_microbeBeetlePC2_frogMousePC2,3,10,0.838588489015267
1084,match_microbeBeetlePC2_frogMousePC2,3,39,0.617045651485648
1085,match_microbeBeetlePC2_frogMousePC2,3,8,0.615880912232987
1086,match_microbeBeetlePC2_frogMousePC3,3,14,0.800256628686646
1087,match_microbeBeetlePC2_frogMousePC3,3,31,0.716346067311217
1088,match_microbeBeetlePC2_frogMousePC3,3,3,0.630902407200164
1089,match_microbeBeetlePC2_goatDogPC1,3,2,0.840687368172818
1090,match_microbeBeetlePC2_goatDogPC1,3,31,0.716346067311217
1091,match_microbeBeetlePC2_goatDogPC1,3,6,0.681776716979774
1092,match_microbeBeetlePC2_goatDogPC3,3,10,0.838588489015267
1093,match_microbeBeetlePC2_goatDogPC3,3,14,0.800256628686646
1094,match_microbeBeetlePC2_goatDogPC3,3,39,0.617045651485648
1095,match_microbeBeetlePC2_infantPC3,3,10,0.838588489015267
1096,match_microbeBeetlePC2_infantPC3,3,31,0.716346067311217
1097,match_microbeBeetlePC2_infantPC3,3,6,0.681776716979774
1098,match_microbeBeetlePC2_microbeBeetlePC3,3,6,0.681776716979774
1099,match_microbeBeetlePC2_microbeBeetlePC3,3,3,0.630902407200164
1100,match_microbeBeetlePC2_microbeBeetlePC3,3,39,0.617045651485648
1101,match_microbeBeetlePC3_bearDolphinPC2,3,23,0.551963973723856
1102,match_microbeBeetlePC3_bearDolphinPC2,3,3,0.54816155541977
1103,match_microbeBeetlePC3_bearDolphinPC2,3,37,0.489487820325138
1104,match_microbeBeetlePC3_fishBluejayPC2,3,38,0.700419265338927
1105,match_microbeBeetlePC3_fishBluejayPC2,3,37,0.489487820325138
1106,match_microbeBeetlePC3_fishBluejayPC2,3,39,0.450846081958877
1107,match_microbeBeetlePC3_frogMousePC2,3,38,0.700419265338927
1108,match_microbeBeetlePC3_frogMousePC2,3,37,0.489487820325138
1109,match_microbeBeetlePC3_frogMousePC2,3,39,0.450846081958877
1110,match_staplerCarPC1_adultPC1,3,4,0.867534082484792
1111,match_staplerCarPC1_adultPC1,3,7,0.832963113136399
1112,match_staplerCarPC1_adultPC1,3,8,0.816342983259351
1113,match_staplerCarPC1_bearDolphinPC2,3,2,0.834334638750698
1114,match_staplerCarPC1_bearDolphinPC2,3,8,0.816342983259351
1115,match_staplerCarPC1_bearDolphinPC2,3,10,0.800946841178407
1116,match_staplerCarPC1_childPC1,3,4,0.867534082484792
1117,match_staplerCarPC1_childPC1,3,7,0.832963113136399
1118,match_staplerCarPC1_childPC1,3,8,0.816342983259351
1119,match_staplerCarPC1_elephantChimpPC1,3,5,0.859758275793344
1120,match_staplerCarPC1_elephantChimpPC1,3,6,0.831108087025276
1121,match_staplerCarPC1_elephantChimpPC1,3,35,0.760879117293274
1122,match_staplerCarPC1_fetusPVSPC1,3,4,0.867534082484792
1123,match_staplerCarPC1_fetusPVSPC1,3,7,0.832963113136399
1124,match_staplerCarPC1_fetusPVSPC1,3,8,0.816342983259351
1125,match_staplerCarPC1_fishBluejayPC1,3,2,0.834334638750698
1126,match_staplerCarPC1_fishBluejayPC1,3,7,0.832963113136399
1127,match_staplerCarPC1_fishBluejayPC1,3,9,0.821400788054539
1128,match_staplerCarPC1_fishBluejayPC2,3,5,0.859758275793344
1129,match_staplerCarPC1_fishBluejayPC2,3,8,0.816342983259351
1130,match_staplerCarPC1_fishBluejayPC2,3,10,0.800946841178407
1131,match_staplerCarPC1_frogMousePC1,3,2,0.834334638750698
1132,match_staplerCarPC1_frogMousePC1,3,7,0.832963113136399
1133,match_staplerCarPC1_frogMousePC1,3,9,0.821400788054539
1134,match_staplerCarPC1_frogMousePC2,3,5,0.859758275793344
1135,match_staplerCarPC1_frogMousePC2,3,8,0.816342983259351
1136,match_staplerCarPC1_frogMousePC2,3,10,0.800946841178407
1137,match_staplerCarPC1_infantPC1,3,4,0.867534082484792
1138,match_staplerCarPC1_infantPC1,3,7,0.832963113136399
1139,match_staplerCarPC1_infantPC1,3,8,0.816342983259351
1140,match_staplerCarPC1_microbeBeetlePC3,3,4,0.867534082484792
1141,match_staplerCarPC1_microbeBeetlePC3,3,6,0.831108087025276
1142,match_staplerCarPC1_microbeBeetlePC3,3,9,0.821400788054539
1143,match_staplerCarPC2_computerRobotPC1,3,36,0.665980180726728
1144,match_staplerCarPC2_computerRobotPC1,3,28,0.656974898081263
1145,match_staplerCarPC2_computerRobotPC1,3,16,0.590652333527011
1146,match_staplerCarPC2_computerRobotPC3,3,29,0.790680220278854
1147,match_staplerCarPC2_computerRobotPC3,3,25,0.718693106780673
1148,match_staplerCarPC2_computerRobotPC3,3,19,0.609413148130805
1149,match_staplerCarPC2_fishBluejayPC3,3,34,0.679609877667405
1150,match_staplerCarPC2_fishBluejayPC3,3,28,0.656974898081263
1151,match_staplerCarPC2_fishBluejayPC3,3,27,0.560296027891121
1152,match_staplerCarPC2_frogMousePC3,3,34,0.679609877667405
1153,match_staplerCarPC2_frogMousePC3,3,28,0.656974898081263
1154,match_staplerCarPC2_frogMousePC3,3,27,0.560296027891121
1155,match_staplerCarPC3_bearDolphinPC3,3,14,0.73564705834339
1156,match_staplerCarPC3_bearDolphinPC3,3,15,0.567053869620128
1157,match_staplerCarPC3_bearDolphinPC3,3,38,0.405236750442941
1158,match_staplerCarPC3_computerRobotPC2,3,14,0.73564705834339
1159,match_staplerCarPC3_computerRobotPC2,3,18,0.706548762965254
1160,match_staplerCarPC3_computerRobotPC2,3,13,0.634798455068283
1161,match_staplerCarPC3_computerRobotPC3,3,13,0.634798455068283
1162,match_staplerCarPC3_computerRobotPC3,3,39,0.457132916928265
1163,match_staplerCarPC3_computerRobotPC3,3,38,0.405236750442941
1164,match_staplerCarPC3_fishBluejayPC2,3,18,0.706548762965254
1165,match_staplerCarPC3_fishBluejayPC2,3,39,0.457132916928265
1166,match_staplerCarPC3_fishBluejayPC2,3,38,0.405236750442941
1167,match_staplerCarPC3_frogMousePC2,3,18,0.706548762965254
1168,match_staplerCarPC3_frogMousePC2,3,39,0.457132916928265
1169,match_staplerCarPC3_frogMousePC2,3,38,0.405236750442941
1170,match_staplerCarPC3_microbeBeetlePC1,3,18,0.706548762965254
1171,match_staplerCarPC3_microbeBeetlePC1,3,15,0.567053869620128
1172,match_staplerCarPC3_microbeBeetlePC1,3,16,0.545650377981477
1173,match_staplerCarPC3_microbeBeetlePC2,3,14,0.73564705834339
1174,match_staplerCarPC3_microbeBeetlePC2,3,31,0.608423120960326
1175,match_staplerCarPC3_microbeBeetlePC2,3,39,0.457132916928265
1176,match_adultPC1_adultPC3,2,32,0.693048186187809
1177,match_adultPC1_adultPC3,2,38,0.656074216381871
1178,match_bearDolphinPC1_adultPC2,2,18,0.872242935654297
1179,match_bearDolphinPC1_adultPC2,2,17,0.865742682907884
1180,match_bearDolphinPC1_childPC2,2,18,0.872242935654297
1181,match_bearDolphinPC1_childPC2,2,17,0.865742682907884
1182,match_bearDolphinPC1_elephantChimpPC2,2,7,0.902998371896881
1183,match_bearDolphinPC1_elephantChimpPC2,2,32,0.855623856023876
1184,match_bearDolphinPC1_fetusPVSPC2,2,18,0.872242935654297
1185,match_bearDolphinPC1_fetusPVSPC2,2,17,0.865742682907884
1186,match_bearDolphinPC1_infantPC2,2,18,0.872242935654297
1187,match_bearDolphinPC1_infantPC2,2,17,0.865742682907884
1188,match_bearDolphinPC2_adultPC2,2,29,0.925396207797869
1189,match_bearDolphinPC2_adultPC2,2,23,0.888971155694086
1190,match_bearDolphinPC2_childPC2,2,29,0.925396207797869
1191,match_bearDolphinPC2_childPC2,2,23,0.888971155694086
1192,match_bearDolphinPC2_fetusPVSPC2,2,29,0.925396207797869
1193,match_bearDolphinPC2_fetusPVSPC2,2,23,0.888971155694086
1194,match_bearDolphinPC2_infantPC2,2,29,0.925396207797869
1195,match_bearDolphinPC2_infantPC2,2,23,0.888971155694086
1196,match_bearDolphinPC3_adultPC3,2,38,0.872220838453388
1197,match_bearDolphinPC3_adultPC3,2,10,0.679115983650889
1198,match_bearDolphinPC3_childPC3,2,38,0.872220838453388
1199,match_bearDolphinPC3_childPC3,2,10,0.679115983650889
1200,match_bearDolphinPC3_elephantChimpPC2,2,19,0.797353019708074
1201,match_bearDolphinPC3_elephantChimpPC2,2,20,0.379370478209713
1202,match_bearDolphinPC3_fetusPVSPC3,2,38,0.872220838453388
1203,match_bearDolphinPC3_fetusPVSPC3,2,10,0.679115983650889
1204,match_bearDolphinPC3_infantPC3,2,38,0.872220838453388
1205,match_bearDolphinPC3_infantPC3,2,10,0.679115983650889
1206,match_childPC1_adultPC3,2,32,0.693048186187809
1207,match_childPC1_adultPC3,2,38,0.656074216381871
1208,match_childPC1_childPC3,2,32,0.693048186187809
1209,match_childPC1_childPC3,2,38,0.656074216381871
1210,match_childPC3_adultPC1,2,38,0.569361231019201
1211,match_childPC3_adultPC1,2,32,0.345759172782756
1212,match_computerRobotPC1_adultPC1,2,32,0.744286981593788
1213,match_computerRobotPC1_adultPC1,2,28,0.731228831678554
1214,match_computerRobotPC1_adultPC2,2,12,0.83142709824386
1215,match_computerRobotPC1_adultPC2,2,15,0.647327799636863
1216,match_computerRobotPC1_childPC1,2,32,0.744286981593788
1217,match_computerRobotPC1_childPC1,2,28,0.731228831678554
1218,match_computerRobotPC1_childPC2,2,12,0.83142709824386
1219,match_computerRobotPC1_childPC2,2,15,0.647327799636863
1220,match_computerRobotPC1_elephantChimpPC3,2,31,0.778825411194218
1221,match_computerRobotPC1_elephantChimpPC3,2,40,0.756081967312505
1222,match_computerRobotPC1_fetusPVSPC1,2,32,0.744286981593788
1223,match_computerRobotPC1_fetusPVSPC1,2,28,0.731228831678554
1224,match_computerRobotPC1_fetusPVSPC2,2,12,0.83142709824386
1225,match_computerRobotPC1_fetusPVSPC2,2,15,0.647327799636863
1226,match_computerRobotPC1_fishBluejayPC1,2,31,0.778825411194218
1227,match_computerRobotPC1_fishBluejayPC1,2,40,0.756081967312505
1228,match_computerRobotPC1_frogMousePC1,2,31,0.778825411194218
1229,match_computerRobotPC1_frogMousePC1,2,40,0.756081967312505
1230,match_computerRobotPC1_goatDogPC2,2,16,0.796959851164891
1231,match_computerRobotPC1_goatDogPC2,2,11,0.715694066356424
1232,match_computerRobotPC1_infantPC1,2,32,0.744286981593788
1233,match_computerRobotPC1_infantPC1,2,28,0.731228831678554
1234,match_computerRobotPC1_infantPC2,2,12,0.83142709824386
1235,match_computerRobotPC1_infantPC2,2,15,0.647327799636863
1236,match_computerRobotPC1_microbeBeetlePC3,2,40,0.756081967312505
1237,match_computerRobotPC1_microbeBeetlePC3,2,28,0.731228831678554
1238,match_computerRobotPC2_computerRobotPC3,2,7,0.627416263062843
1239,match_computerRobotPC2_computerRobotPC3,2,13,0.599174589485592
1240,match_computerRobotPC2_fishBluejayPC3,2,14,0.646424870661588
1241,match_computerRobotPC2_fishBluejayPC3,2,13,0.599174589485592
1242,match_computerRobotPC2_frogMousePC3,2,14,0.646424870661588
1243,match_computerRobotPC2_frogMousePC3,2,13,0.599174589485592
1244,match_computerRobotPC2_goatDogPC3,2,18,0.745800638670773
1245,match_computerRobotPC2_goatDogPC3,2,14,0.646424870661588
1246,match_computerRobotPC3_bearDolphinPC2,2,29,0.621541340655558
1247,match_computerRobotPC3_bearDolphinPC2,2,13,0.470067598949699
1248,match_computerRobotPC3_bearDolphinPC3,2,38,0.72678147714581
1249,match_computerRobotPC3_bearDolphinPC3,2,19,0.543564828459136
1250,match_computerRobotPC3_elephantChimpPC1,2,30,0.684756689634891
1251,match_computerRobotPC3_elephantChimpPC1,2,6,0.469393635138127
1252,match_computerRobotPC3_elephantChimpPC3,2,38,0.72678147714581
1253,match_computerRobotPC3_elephantChimpPC3,2,39,0.519253732298365
1254,match_computerRobotPC3_fishBluejayPC3,2,30,0.684756689634891
1255,match_computerRobotPC3_fishBluejayPC3,2,13,0.470067598949699
1256,match_computerRobotPC3_frogMousePC3,2,30,0.684756689634891
1257,match_computerRobotPC3_frogMousePC3,2,13,0.470067598949699
1258,match_computerRobotPC3_goatDogPC1,2,30,0.684756689634891
1259,match_computerRobotPC3_goatDogPC1,2,6,0.469393635138127
1260,match_computerRobotPC3_microbeBeetlePC1,2,29,0.621541340655558
1261,match_computerRobotPC3_microbeBeetlePC1,2,25,0.572408878433766
1262,match_elephantChimpPC1_adultPC2,2,12,0.833796242325422
1263,match_elephantChimpPC1_adultPC2,2,30,0.809992154952629
1264,match_elephantChimpPC1_childPC2,2,12,0.833796242325422
1265,match_elephantChimpPC1_childPC2,2,30,0.809992154952629
1266,match_elephantChimpPC1_fetusPVSPC2,2,12,0.833796242325422
1267,match_elephantChimpPC1_fetusPVSPC2,2,30,0.809992154952629
1268,match_elephantChimpPC1_infantPC2,2,12,0.833796242325422
1269,match_elephantChimpPC1_infantPC2,2,30,0.809992154952629
1270,match_elephantChimpPC2_adultPC1,2,32,0.740689497225605
1271,match_elephantChimpPC2_adultPC1,2,7,0.700852133764915
1272,match_elephantChimpPC2_adultPC3,2,31,0.763879234238058
1273,match_elephantChimpPC2_adultPC3,2,32,0.740689497225605
1274,match_elephantChimpPC2_childPC1,2,32,0.740689497225605
1275,match_elephantChimpPC2_childPC1,2,7,0.700852133764915
1276,match_elephantChimpPC2_childPC3,2,31,0.763879234238058
1277,match_elephantChimpPC2_childPC3,2,32,0.740689497225605
1278,match_elephantChimpPC2_fetusPVSPC1,2,32,0.740689497225605
1279,match_elephantChimpPC2_fetusPVSPC1,2,7,0.700852133764915
1280,match_elephantChimpPC2_fetusPVSPC3,2,31,0.763879234238058
1281,match_elephantChimpPC2_fetusPVSPC3,2,32,0.740689497225605
1282,match_elephantChimpPC2_infantPC1,2,32,0.740689497225605
1283,match_elephantChimpPC2_infantPC1,2,7,0.700852133764915
1284,match_elephantChimpPC2_infantPC3,2,31,0.763879234238058
1285,match_elephantChimpPC2_infantPC3,2,32,0.740689497225605
1286,match_elephantChimpPC3_adultPC3,2,38,0.785155018909437
1287,match_elephantChimpPC3_adultPC3,2,31,0.252830701875842
1288,match_elephantChimpPC3_childPC3,2,38,0.785155018909437
1289,match_elephantChimpPC3_childPC3,2,31,0.252830701875842
1290,match_elephantChimpPC3_fetusPVSPC3,2,38,0.785155018909437
1291,match_elephantChimpPC3_fetusPVSPC3,2,31,0.252830701875842
1292,match_elephantChimpPC3_infantPC3,2,38,0.785155018909437
1293,match_elephantChimpPC3_infantPC3,2,31,0.252830701875842
1294,match_fetusPVSPC1_adultPC3,2,32,0.693048186187809
1295,match_fetusPVSPC1_adultPC3,2,38,0.656074216381871
1296,match_fetusPVSPC1_childPC3,2,32,0.693048186187809
1297,match_fetusPVSPC1_childPC3,2,38,0.656074216381871
1298,match_fetusPVSPC1_fetusPVSPC3,2,32,0.693048186187809
1299,match_fetusPVSPC1_fetusPVSPC3,2,38,0.656074216381871
1300,match_fetusPVSPC1_infantPC3,2,32,0.693048186187809
1301,match_fetusPVSPC1_infantPC3,2,38,0.656074216381871
1302,match_fetusPVSPC3_adultPC1,2,38,0.569361231019201
1303,match_fetusPVSPC3_adultPC1,2,32,0.345759172782756
1304,match_fetusPVSPC3_childPC1,2,38,0.569361231019201
1305,match_fetusPVSPC3_childPC1,2,32,0.345759172782756
1306,match_fetusPVSPC3_infantPC1,2,38,0.569361231019201
1307,match_fetusPVSPC3_infantPC1,2,32,0.345759172782756
1308,match_fishBluejayPC1_adultPC2,2,29,0.793020109833765
1309,match_fishBluejayPC1_adultPC2,2,23,0.69427348088744
1310,match_goatDogPC3_adultPC2,2,31,0.721451669590462
1311,match_goatDogPC3_adultPC2,2,26,0.697238726246478
1312,match_goatDogPC3_adultPC2,2,9,0.816294667494211
1313,match_goatDogPC3_adultPC2,2,40,0.716287753456687
1314,match_goatDogPC3_adultPC2,2,29,0.793020109833765
1315,match_goatDogPC3_adultPC2,2,23,0.69427348088744
1316,match_fishBluejayPC1_childPC3,2,31,0.721451669590462
1317,match_fishBluejayPC1_childPC3,2,26,0.697238726246478
1318,match_fishBluejayPC1_fetusPVSPC2,2,29,0.793020109833765
1319,match_fishBluejayPC1_fetusPVSPC2,2,23,0.69427348088744
1320,match_fishBluejayPC1_fetusPVSPC3,2,31,0.721451669590462
1321,match_fishBluejayPC1_fetusPVSPC3,2,26,0.697238726246478
1322,match_fishBluejayPC1_goatDogPC2,2,29,0.793020109833765
1323,match_fishBluejayPC1_goatDogPC2,2,7,0.703194059362629
1324,match_fishBluejayPC1_infantPC2,2,29,0.793020109833765
1325,match_fishBluejayPC1_infantPC2,2,23,0.69427348088744
1326,match_fishBluejayPC1_infantPC3,2,31,0.721451669590462
1327,match_fishBluejayPC1_infantPC3,2,26,0.697238726246478
1328,match_fishBluejayPC2_adultPC2,2,21,0.782147682416167
1329,match_fishBluejayPC2_adultPC2,2,18,0.767996516168129
1330,match_fishBluejayPC2_bearDolphinPC1,2,18,0.767996516168129
1331,match_fishBluejayPC2_bearDolphinPC1,2,5,0.613686052751941
1332,match_fishBluejayPC2_bearDolphinPC3,2,38,0.897393887297721
1333,match_fishBluejayPC2_bearDolphinPC3,2,10,0.790657088879438
1334,match_fishBluejayPC2_childPC2,2,21,0.782147682416167
1335,match_fishBluejayPC2_childPC2,2,18,0.767996516168129
1336,match_fishBluejayPC2_elephantChimpPC1,2,5,0.613686052751941
1337,match_fishBluejayPC2_elephantChimpPC1,2,11,0.595306958059788
1338,match_fishBluejayPC2_fetusPVSPC2,2,21,0.782147682416167
1339,match_fishBluejayPC2_fetusPVSPC2,2,18,0.767996516168129
1340,match_fishBluejayPC2_infantPC2,2,21,0.782147682416167
1341,match_fishBluejayPC2_infantPC2,2,18,0.767996516168129
1342,match_fishBluejayPC3_adultPC3,2,32,0.61537982782365
1343,match_fishBluejayPC3_adultPC3,2,31,0.572903436500167
1344,match_fishBluejayPC3_childPC3,2,32,0.61537982782365
1345,match_fishBluejayPC3_childPC3,2,31,0.572903436500167
1346,match_fishBluejayPC3_elephantChimpPC1,2,30,0.631029887778338
1347,match_fishBluejayPC3_elephantChimpPC1,2,28,0.592134884030503
1348,match_fishBluejayPC3_fetusPVSPC3,2,32,0.61537982782365
1349,match_fishBluejayPC3_fetusPVSPC3,2,31,0.572903436500167
1350,match_fishBluejayPC3_goatDogPC2,2,13,0.859106706110639
1351,match_fishBluejayPC3_goatDogPC2,2,34,0.676395543128863
1352,match_fishBluejayPC3_goatDogPC3,2,15,0.71849466656548
1353,match_fishBluejayPC3_goatDogPC3,2,14,0.581892949891547
1354,match_fishBluejayPC3_infantPC3,2,32,0.61537982782365
1355,match_fishBluejayPC3_infantPC3,2,31,0.572903436500167
1356,match_frogMousePC1_adultPC2,2,29,0.793020109833765
1357,match_frogMousePC1_adultPC2,2,23,0.69427348088744
1358,match_frogMousePC1_adultPC3,2,31,0.721451669590462
1359,match_frogMousePC1_adultPC3,2,26,0.697238726246478
1360,match_frogMousePC1_bearDolphinPC3,2,9,0.816294667494211
1361,match_frogMousePC1_bearDolphinPC3,2,40,0.716287753456687
1362,match_frogMousePC1_childPC2,2,29,0.793020109833765
1363,match_frogMousePC1_childPC2,2,23,0.69427348088744
1364,match_frogMousePC1_childPC3,2,31,0.721451669590462
1365,match_frogMousePC1_childPC3,2,26,0.697238726246478
1366,match_frogMousePC1_fetusPVSPC2,2,29,0.793020109833765
1367,match_frogMousePC1_fetusPVSPC2,2,23,0.69427348088744
1368,match_frogMousePC1_fetusPVSPC3,2,31,0.721451669590462
1369,match_frogMousePC1_fetusPVSPC3,2,26,0.697238726246478
1370,match_frogMousePC1_goatDogPC2,2,29,0.793020109833765
1371,match_frogMousePC1_goatDogPC2,2,7,0.703194059362629
1372,match_frogMousePC1_infantPC2,2,29,0.793020109833765
1373,match_frogMousePC1_infantPC2,2,23,0.69427348088744
1374,match_frogMousePC1_infantPC3,2,31,0.721451669590462
1375,match_frogMousePC1_infantPC3,2,26,0.697238726246478
1376,match_frogMousePC2_adultPC2,2,21,0.782147682416167
1377,match_frogMousePC2_adultPC2,2,18,0.767996516168129
1378,match_frogMousePC2_bearDolphinPC1,2,18,0.767996516168129
1379,match_frogMousePC2_bearDolphinPC1,2,5,0.613686052751941
1380,match_frogMousePC2_bearDolphinPC3,2,38,0.897393887297721
1381,match_frogMousePC2_bearDolphinPC3,2,10,0.790657088879438
1382,match_frogMousePC2_childPC2,2,21,0.782147682416167
1383,match_frogMousePC2_childPC2,2,18,0.767996516168129
1384,match_frogMousePC2_elephantChimpPC1,2,5,0.613686052751941
1385,match_frogMousePC2_elephantChimpPC1,2,11,0.595306958059788
1386,match_frogMousePC2_fetusPVSPC2,2,21,0.782147682416167
1387,match_frogMousePC2_fetusPVSPC2,2,18,0.767996516168129
1388,match_frogMousePC2_infantPC2,2,21,0.782147682416167
1389,match_frogMousePC2_infantPC2,2,18,0.767996516168129
1390,match_frogMousePC3_adultPC3,2,32,0.61537982782365
1391,match_frogMousePC3_adultPC3,2,31,0.572903436500167
1392,match_frogMousePC3_childPC3,2,32,0.61537982782365
1393,match_frogMousePC3_childPC3,2,31,0.572903436500167
1394,match_frogMousePC3_elephantChimpPC1,2,30,0.631029887778338
1395,match_frogMousePC3_elephantChimpPC1,2,28,0.592134884030503
1396,match_frogMousePC3_fetusPVSPC3,2,32,0.61537982782365
1397,match_frogMousePC3_fetusPVSPC3,2,31,0.572903436500167
1398,match_frogMousePC3_goatDogPC2,2,13,0.859106706110639
1399,match_frogMousePC3_goatDogPC2,2,34,0.676395543128863
1400,match_frogMousePC3_goatDogPC3,2,15,0.71849466656548
1401,match_frogMousePC3_goatDogPC3,2,14,0.581892949891547
1402,match_frogMousePC3_infantPC3,2,32,0.61537982782365
1403,match_frogMousePC3_infantPC3,2,31,0.572903436500167
1404,match_goatDogPC1_adultPC2,2,30,0.858949379220858
1405,match_goatDogPC1_adultPC2,2,12,0.830836508303003
1406,match_goatDogPC1_bearDolphinPC2,2,2,0.85796882866426
1407,match_goatDogPC1_bearDolphinPC2,2,27,0.84597891685958
1408,match_goatDogPC1_childPC2,2,30,0.858949379220858
1409,match_goatDogPC1_childPC2,2,12,0.830836508303003
1410,match_goatDogPC1_elephantChimpPC2,2,32,0.870964998249068
1411,match_goatDogPC1_elephantChimpPC2,2,31,0.820718991493069
1412,match_goatDogPC1_fetusPVSPC2,2,30,0.858949379220858
1413,match_goatDogPC1_fetusPVSPC2,2,12,0.830836508303003
1414,match_goatDogPC1_infantPC2,2,30,0.858949379220858
1415,match_goatDogPC1_infantPC2,2,12,0.830836508303003
1416,match_goatDogPC2_adultPC3,2,5,0.716973568819433
1417,match_goatDogPC2_adultPC3,2,11,0.649509502730663
1418,match_goatDogPC2_childPC3,2,5,0.716973568819433
1419,match_goatDogPC2_childPC3,2,11,0.649509502730663
1420,match_goatDogPC2_fetusPVSPC3,2,5,0.716973568819433
1421,match_goatDogPC2_fetusPVSPC3,2,11,0.649509502730663
1422,match_goatDogPC2_infantPC3,2,5,0.716973568819433
1423,match_goatDogPC2_infantPC3,2,11,0.649509502730663
1424,match_goatDogPC3_adultPC1,2,38,0.708633906361817
1425,match_goatDogPC3_adultPC1,2,39,0.600318299841477
1426,match_goatDogPC3_adultPC3,2,38,0.708633906361817
1427,match_goatDogPC3_adultPC3,2,10,0.479109000359685
1428,match_goatDogPC3_bearDolphinPC1,2,17,0.60455839022692
1429,match_goatDogPC3_bearDolphinPC1,2,18,0.507893959168255
1430,match_goatDogPC3_childPC1,2,38,0.708633906361817
1431,match_goatDogPC3_childPC1,2,39,0.600318299841477
1432,match_goatDogPC3_childPC3,2,38,0.708633906361817
1433,match_goatDogPC3_childPC3,2,10,0.479109000359685
1434,match_goatDogPC3_elephantChimpPC2,2,20,0.623186824849814
1435,match_goatDogPC3_elephantChimpPC2,2,19,0.559230828157522
1436,match_goatDogPC3_fetusPVSPC1,2,38,0.708633906361817
1437,match_goatDogPC3_fetusPVSPC1,2,39,0.600318299841477
1438,match_goatDogPC3_fetusPVSPC3,2,38,0.708633906361817
1439,match_goatDogPC3_fetusPVSPC3,2,10,0.479109000359685
1440,match_goatDogPC3_infantPC1,2,38,0.708633906361817
1441,match_goatDogPC3_infantPC1,2,39,0.600318299841477
1442,match_goatDogPC3_infantPC3,2,38,0.708633906361817
1443,match_goatDogPC3_infantPC3,2,10,0.479109000359685
1444,match_infantPC1_adultPC3,2,32,0.693048186187809
1445,match_infantPC1_adultPC3,2,38,0.656074216381871
1446,match_infantPC1_childPC3,2,32,0.693048186187809
1447,match_infantPC1_childPC3,2,38,0.656074216381871
1448,match_infantPC1_infantPC3,2,32,0.693048186187809
1449,match_infantPC1_infantPC3,2,38,0.656074216381871
1450,match_infantPC3_adultPC1,2,38,0.569361231019201
1451,match_infantPC3_adultPC1,2,32,0.345759172782756
1452,match_infantPC3_childPC1,2,38,0.569361231019201
1453,match_infantPC3_childPC1,2,32,0.345759172782756
1454,match_microbeBeetlePC1_goatDogPC1,2,27,0.833940631176871
1455,match_microbeBeetlePC1_goatDogPC1,2,32,0.777240672819206
1456,match_microbeBeetlePC1_goatDogPC3,2,15,0.816495340969975
1457,match_microbeBeetlePC1_goatDogPC3,2,18,0.783167722910151
1458,match_microbeBeetlePC2_bearDolphinPC1,2,7,0.796326927561618
1459,match_microbeBeetlePC2_bearDolphinPC1,2,1,0.691318442540439
1460,match_microbeBeetlePC2_bearDolphinPC3,2,10,0.838588489015267
1461,match_microbeBeetlePC2_bearDolphinPC3,2,14,0.800256628686646
1462,match_microbeBeetlePC2_elephantChimpPC1,2,1,0.691318442540439
1463,match_microbeBeetlePC2_elephantChimpPC1,2,6,0.681776716979774
1464,match_microbeBeetlePC2_goatDogPC2,2,7,0.796326927561618
1465,match_microbeBeetlePC2_goatDogPC2,2,8,0.615880912232987
1466,match_microbeBeetlePC3_adultPC3,2,38,0.700419265338927
1467,match_microbeBeetlePC3_adultPC3,2,6,0.442935907497751
1468,match_microbeBeetlePC3_childPC3,2,38,0.700419265338927
1469,match_microbeBeetlePC3_childPC3,2,6,0.442935907497751
1470,match_microbeBeetlePC3_elephantChimpPC1,2,28,0.528605368738143
1471,match_microbeBeetlePC3_elephantChimpPC1,2,6,0.442935907497751
1472,match_microbeBeetlePC3_elephantChimpPC2,2,23,0.551963973723856
1473,match_microbeBeetlePC3_elephantChimpPC2,2,3,0.54816155541977
1474,match_microbeBeetlePC3_fetusPVSPC3,2,38,0.700419265338927
1475,match_microbeBeetlePC3_fetusPVSPC3,2,6,0.442935907497751
1476,match_microbeBeetlePC3_fishBluejayPC3,2,3,0.54816155541977
1477,match_microbeBeetlePC3_fishBluejayPC3,2,28,0.528605368738143
1478,match_microbeBeetlePC3_frogMousePC3,2,3,0.54816155541977
1479,match_microbeBeetlePC3_frogMousePC3,2,28,0.528605368738143
1480,match_microbeBeetlePC3_goatDogPC1,2,28,0.528605368738143
1481,match_microbeBeetlePC3_goatDogPC1,2,6,0.442935907497751
1482,match_microbeBeetlePC3_goatDogPC3,2,38,0.700419265338927
1483,match_microbeBeetlePC3_goatDogPC3,2,39,0.450846081958877
1484,match_microbeBeetlePC3_infantPC3,2,38,0.700419265338927
1485,match_microbeBeetlePC3_infantPC3,2,6,0.442935907497751
1486,match_staplerCarPC1_bearDolphinPC3,2,9,0.821400788054539
1487,match_staplerCarPC1_bearDolphinPC3,2,10,0.800946841178407
1488,match_staplerCarPC1_computerRobotPC3,2,7,0.832963113136399
1489,match_staplerCarPC1_computerRobotPC3,2,6,0.831108087025276
1490,match_staplerCarPC1_goatDogPC1,2,2,0.834334638750698
1491,match_staplerCarPC1_goatDogPC1,2,6,0.831108087025276
1492,match_staplerCarPC2_adultPC1,2,34,0.679609877667405
1493,match_staplerCarPC2_adultPC1,2,28,0.656974898081263
1494,match_staplerCarPC2_adultPC2,2,29,0.790680220278854
1495,match_staplerCarPC2_adultPC2,2,19,0.609413148130805
1496,match_staplerCarPC2_childPC1,2,34,0.679609877667405
1497,match_staplerCarPC2_childPC1,2,28,0.656974898081263
1498,match_staplerCarPC2_childPC2,2,29,0.790680220278854
1499,match_staplerCarPC2_childPC2,2,19,0.609413148130805
1500,match_staplerCarPC2_elephantChimpPC1,2,28,0.656974898081263
1501,match_staplerCarPC2_elephantChimpPC1,2,16,0.590652333527011
1502,match_staplerCarPC2_fetusPVSPC1,2,34,0.679609877667405
1503,match_staplerCarPC2_fetusPVSPC1,2,28,0.656974898081263
1504,match_staplerCarPC2_fetusPVSPC2,2,29,0.790680220278854
1505,match_staplerCarPC2_fetusPVSPC2,2,19,0.609413148130805
1506,match_staplerCarPC2_fishBluejayPC2,2,37,0.702882768090962
1507,match_staplerCarPC2_fishBluejayPC2,2,27,0.560296027891121
1508,match_staplerCarPC2_frogMousePC2,2,37,0.702882768090962
1509,match_staplerCarPC2_frogMousePC2,2,27,0.560296027891121
1510,match_staplerCarPC2_goatDogPC1,2,28,0.656974898081263
1511,match_staplerCarPC2_goatDogPC1,2,27,0.560296027891121
1512,match_staplerCarPC2_goatDogPC3,2,20,0.663900333261162
1513,match_staplerCarPC2_goatDogPC3,2,19,0.609413148130805
1514,match_staplerCarPC2_infantPC1,2,34,0.679609877667405
1515,match_staplerCarPC2_infantPC1,2,28,0.656974898081263
1516,match_staplerCarPC2_infantPC2,2,29,0.790680220278854
1517,match_staplerCarPC2_infantPC2,2,19,0.609413148130805
1518,match_staplerCarPC2_microbeBeetlePC3,2,37,0.702882768090962
1519,match_staplerCarPC2_microbeBeetlePC3,2,28,0.656974898081263
1520,match_staplerCarPC3_adultPC1,2,39,0.457132916928265
1521,match_staplerCarPC3_adultPC1,2,38,0.405236750442941
1522,match_staplerCarPC3_adultPC3,2,31,0.608423120960326
1523,match_staplerCarPC3_adultPC3,2,38,0.405236750442941
1524,match_staplerCarPC3_childPC1,2,39,0.457132916928265
1525,match_staplerCarPC3_childPC1,2,38,0.405236750442941
1526,match_staplerCarPC3_childPC3,2,31,0.608423120960326
1527,match_staplerCarPC3_childPC3,2,38,0.405236750442941
1528,match_staplerCarPC3_elephantChimpPC1,2,16,0.545650377981477
1529,match_staplerCarPC3_elephantChimpPC1,2,12,0.409780042608352
1530,match_staplerCarPC3_elephantChimpPC2,2,13,0.634798455068283
1531,match_staplerCarPC3_elephantChimpPC2,2,31,0.608423120960326
1532,match_staplerCarPC3_fetusPVSPC1,2,39,0.457132916928265
1533,match_staplerCarPC3_fetusPVSPC1,2,38,0.405236750442941
1534,match_staplerCarPC3_fetusPVSPC3,2,31,0.608423120960326
1535,match_staplerCarPC3_fetusPVSPC3,2,38,0.405236750442941
1536,match_staplerCarPC3_fishBluejayPC1,2,31,0.608423120960326
1537,match_staplerCarPC3_fishBluejayPC1,2,39,0.457132916928265
1538,match_staplerCarPC3_frogMousePC1,2,31,0.608423120960326
1539,match_staplerCarPC3_frogMousePC1,2,39,0.457132916928265
1540,match_staplerCarPC3_goatDogPC1,2,31,0.608423120960326
1541,match_staplerCarPC3_goatDogPC1,2,12,0.409780042608352
1542,match_staplerCarPC3_goatDogPC2,2,13,0.634798455068283
1543,match_staplerCarPC3_goatDogPC2,2,16,0.545650377981477
1544,match_staplerCarPC3_infantPC1,2,39,0.457132916928265
1545,match_staplerCarPC3_infantPC1,2,38,0.405236750442941
1546,match_staplerCarPC3_infantPC3,2,31,0.608423120960326
1547,match_staplerCarPC3_infantPC3,2,38,0.405236750442941
1548,match_staplerCarPC3_microbeBeetlePC3,2,39,0.457132916928265
1549,match_staplerCarPC3_microbeBeetlePC3,2,38,0.405236750442941
1550,match_bearDolphinPC2_adultPC1,1,8,0.83398018154121
1551,match_bearDolphinPC2_adultPC3,1,10,0.531507447495599
1552,match_bearDolphinPC2_bearDolphinPC3,1,10,0.531507447495599
1553,match_bearDolphinPC2_childPC1,1,8,0.83398018154121
1554,match_bearDolphinPC2_childPC3,1,10,0.531507447495599
1555,match_bearDolphinPC2_fetusPVSPC1,1,8,0.83398018154121
1556,match_bearDolphinPC2_fetusPVSPC3,1,10,0.531507447495599
1557,match_bearDolphinPC2_infantPC1,1,8,0.83398018154121
1558,match_bearDolphinPC2_infantPC3,1,10,0.531507447495599
1559,match_bearDolphinPC3_elephantChimpPC1,1,28,0.4012326935233
1560,match_computerRobotPC1_bearDolphinPC1,1,32,0.744286981593788
1561,match_computerRobotPC1_bearDolphinPC2,1,36,0.712920011457107
1562,match_computerRobotPC1_fishBluejayPC2,1,11,0.715694066356424
1563,match_computerRobotPC1_frogMousePC2,1,11,0.715694066356424
1564,match_computerRobotPC1_goatDogPC3,1,15,0.647327799636863
1565,match_computerRobotPC1_microbeBeetlePC2,1,31,0.778825411194218
1566,match_computerRobotPC2_adultPC3,1,5,0.789390856233699
1567,match_computerRobotPC2_bearDolphinPC3,1,14,0.646424870661588
1568,match_computerRobotPC2_childPC3,1,5,0.789390856233699
1569,match_computerRobotPC2_elephantChimpPC1,1,5,0.789390856233699
1570,match_computerRobotPC2_fetusPVSPC3,1,5,0.789390856233699
1571,match_computerRobotPC2_goatDogPC1,1,2,0.701868227521879
1572,match_computerRobotPC2_infantPC3,1,5,0.789390856233699
1573,match_computerRobotPC2_microbeBeetlePC1,1,18,0.745800638670773
1574,match_computerRobotPC3_bearDolphinPC1,1,7,0.523864151931829
1575,match_elephantChimpPC2_elephantChimpPC3,1,31,0.763879234238058
1576,match_elephantChimpPC3_adultPC2,1,14,0.264650156204694
1577,match_elephantChimpPC3_childPC2,1,14,0.264650156204694
1578,match_elephantChimpPC3_fetusPVSPC2,1,14,0.264650156204694
1579,match_elephantChimpPC3_infantPC2,1,14,0.264650156204694
1580,match_fishBluejayPC1_elephantChimpPC1,1,1,0.750583876840079
1581,match_fishBluejayPC1_fishBluejayPC2,1,39,0.700400419130871
1582,match_fishBluejayPC1_fishBluejayPC3,1,31,0.721451669590462
1583,match_fishBluejayPC1_frogMousePC2,1,39,0.700400419130871
1584,match_fishBluejayPC1_frogMousePC3,1,31,0.721451669590462
1585,match_fishBluejayPC1_goatDogPC3,1,39,0.700400419130871
1586,match_fishBluejayPC2_fishBluejayPC3,1,27,0.643214653938293
1587,match_fishBluejayPC2_frogMousePC1,1,39,0.658769859804393
1588,match_fishBluejayPC2_frogMousePC3,1,27,0.643214653938293
1589,match_fishBluejayPC2_goatDogPC1,1,27,0.643214653938293
1590,match_fishBluejayPC3_bearDolphinPC1,1,32,0.61537982782365
1591,match_fishBluejayPC3_frogMousePC1,1,31,0.572903436500167
1592,match_fishBluejayPC3_frogMousePC2,1,27,0.659560347055448
1593,match_frogMousePC1_elephantChimpPC1,1,1,0.750583876840079
1594,match_frogMousePC1_frogMousePC2,1,39,0.700400419130871
1595,match_frogMousePC1_frogMousePC3,1,31,0.721451669590462
1596,match_frogMousePC1_goatDogPC3,1,39,0.700400419130871
1597,match_frogMousePC2_frogMousePC3,1,27,0.643214653938293
1598,match_frogMousePC2_goatDogPC1,1,27,0.643214653938293
1599,match_frogMousePC3_bearDolphinPC1,1,32,0.61537982782365
1600,match_goatDogPC1_bearDolphinPC3,1,28,0.871767128149166
1601,match_goatDogPC2_adultPC2,1,29,0.854955544318772
1602,match_goatDogPC2_bearDolphinPC3,1,34,0.792773948645237
1603,match_goatDogPC2_childPC2,1,29,0.854955544318772
1604,match_goatDogPC2_elephantChimpPC3,1,8,0.821473157405411
1605,match_goatDogPC2_fetusPVSPC2,1,29,0.854955544318772
1606,match_goatDogPC2_infantPC2,1,29,0.854955544318772
1607,match_goatDogPC3_bearDolphinPC2,1,10,0.479109000359685
1608,match_microbeBeetlePC1_adultPC1,1,32,0.777240672819206
1609,match_microbeBeetlePC1_bearDolphinPC3,1,15,0.816495340969975
1610,match_microbeBeetlePC1_childPC1,1,32,0.777240672819206
1611,match_microbeBeetlePC1_elephantChimpPC3,1,27,0.833940631176871
1612,match_microbeBeetlePC1_fetusPVSPC1,1,32,0.777240672819206
1613,match_microbeBeetlePC1_fishBluejayPC1,1,29,0.844679009900006
1614,match_microbeBeetlePC1_frogMousePC1,1,29,0.844679009900006
1615,match_microbeBeetlePC1_infantPC1,1,32,0.777240672819206
1616,match_microbeBeetlePC2_adultPC2,1,14,0.800256628686646
1617,match_microbeBeetlePC2_childPC2,1,14,0.800256628686646
1618,match_microbeBeetlePC2_fetusPVSPC2,1,14,0.800256628686646
1619,match_microbeBeetlePC2_infantPC2,1,14,0.800256628686646
1620,match_microbeBeetlePC3_adultPC2,1,23,0.551963973723856
1621,match_microbeBeetlePC3_childPC2,1,23,0.551963973723856
1622,match_microbeBeetlePC3_fetusPVSPC2,1,23,0.551963973723856
1623,match_microbeBeetlePC3_goatDogPC2,1,37,0.489487820325138
1624,match_microbeBeetlePC3_infantPC2,1,23,0.551963973723856
1625,match_staplerCarPC1_elephantChimpPC2,1,7,0.832963113136399
1626,match_staplerCarPC1_goatDogPC3,1,10,0.800946841178407
1627,match_staplerCarPC1_microbeBeetlePC1,1,35,0.760879117293274
1628,match_staplerCarPC2_adultPC3,1,25,0.718693106780673
1629,match_staplerCarPC2_childPC3,1,25,0.718693106780673
1630,match_staplerCarPC2_computerRobotPC2,1,37,0.702882768090962
1631,match_staplerCarPC2_elephantChimpPC3,1,27,0.560296027891121
1632,match_staplerCarPC2_fetusPVSPC3,1,25,0.718693106780673
1633,match_staplerCarPC2_fishBluejayPC1,1,29,0.790680220278854
1634,match_staplerCarPC2_frogMousePC1,1,29,0.790680220278854
1635,match_staplerCarPC2_infantPC3,1,25,0.718693106780673
1636,match_staplerCarPC2_staplerCarPC3,1,16,0.590652333527011
1637,match_staplerCarPC3_bearDolphinPC1,1,18,0.706548762965254
1638,match_staplerCarPC3_bearDolphinPC2,1,13,0.634798455068283
,comparison,n,mc,PC
